Group,Code,Name,Year,Antigen,Antigen_description,Coverage_category,Coverage_category_description,Target_number,Dodge,Coverage
Countries,IND,India,2010,MCV1,Measles 1st Dose,OFFICIAL,Official WHO/UNICEF estimate,16790817.0,12302112,73.27
Countries,IND,India,2010,MCV2,Measles 2nd Dose,OFFICIAL,Official WHO/UNICEF estimate,16544576.0,10344867,62.5%
Countries,IND,India,2010,DTP1,Diphtheria-Tetanus-Pertussis 1st Dose,OFFICIAL,Official WHO/UNICEF estimate,16471292.0,11423967,69.36
Countries,IND,India,2010,DTP3,Diphtheria-Tetanus-Pertussis 3rd Dose,OFFICIAL,Official WHO/UNICEF estimate,15670959.0,9065158,57.85
Countries,IND,India,2010,BCG,Bacillus Calmette-Guérin (Tuberculosis),OFFICIAL,Official WHO/UNICEF estimate,16396887.0,11060535,67.46
Countries,IND,India,2010,HEPB3,Hepatitis B 3rd Dose,OFFICIAL,Official WHO/UNICEF estimate,16220899.0,11375679,70.13
Countries,IND,India,2010,POL3,Polio 3rd Dose,OFFICIAL,Official WHO/UNICEF estimate,16330626.0,10303753,63.09
Countries,IND,India,2010,ROTA,Rotavirus Last Dose,OFFICIAL,Official WHO/UNICEF estimate,16199418.0,10189071,62.9
Countries,IND,India,2010,IPV1,Inactivated Polio 1st Dose,OFFICIAL,Official WHO/UNICEF estimate,15949781.0,10359822,65.0%
Countries,IND,India,2010,HPV,Human Papillomavirus Last Dose,OFFICIAL,Official WHO/UNICEF estimate,15896617.0,9518720,59.88
Countries,IND,India,2011,MCV1,Measles 1st Dose,ADMINISTRATIVE,Administrative reports from health facilities,16521577.0,11094461,67.15
Countries,IND,India,2011,MCV2,Measles 2nd Dose,ADMINISTRATIVE,Administrative reports from health facilities,16513269.0,9971476,60.38
Countries,IND,India,2011,DTP1,Diphtheria-Tetanus-Pertussis 1st Dose,ADMINISTRATIVE,Administrative reports from health facilities,16359296.0,11679757,71.4
Countries,IND,India,2011,DTP3,Diphtheria-Tetanus-Pertussis 3rd Dose,ADMINISTRATIVE,Administrative reports from health facilities,16801927.0,9440627,56.19
Countries,IND,India,2011,BCG,Bacillus Calmette-Guérin (Tuberculosis),ADMINISTRATIVE,Administrative reports from health facilities,16331928.0,11911576,72.93
Countries,IND,India,2011,HEPB3,Hepatitis B 3rd Dose,ADMINISTRATIVE,Administrative reports from health facilities,16656761.0,10565512,63.4%
Countries,IND,India,2011,POL3,Polio 3rd Dose,ADMINISTRATIVE,Administrative reports from health facilities,16760917.0,11633500,69.41
Countries,IND,India,2011,ROTA,Rotavirus Last Dose,ADMINISTRATIVE,Administrative reports from health facilities,16356653.0,10282240,62.86
Countries,IND,India,2011,IPV1,Inactivated Polio 1st Dose,ADMINISTRATIVE,Administrative reports from health facilities,16396918.0,10514177,64.12
Countries,IND,India,2011,HPV,Human Papillomavirus Last Dose,ADMINISTRATIVE,Administrative reports from health facilities,16899407.0,10248449,60.64
Countries,IND,India,2012,MCV1,Measles 1st Dose,OFFICIAL,Official WHO/UNICEF estimate,16410129.0,12121460,73.87
Countries,IND,India,2012,MCV2,Measles 2nd Dose,OFFICIAL,Official WHO/UNICEF estimate,17130268.0,10016857,58.47
Countries,IND,India,2012,DTP1,Diphtheria-Tetanus-Pertussis 1st Dose,OFFICIAL,Official WHO/UNICEF estimate,16522924.0,12045982,72.9
Countries,IND,India,2012,DTP3,Diphtheria-Tetanus-Pertussis 3rd Dose,OFFICIAL,Official WHO/UNICEF estimate,16736746.0,9679052,57.83
Countries,IND,India,2012,BCG,Bacillus Calmette-Guérin (Tuberculosis),OFFICIAL,Official WHO/UNICEF estimate,16456850.0,11481989,69.77
Countries,IND,India,2012,HEPB3,Hepatitis B 3rd Dose,OFFICIAL,Official WHO/UNICEF estimate,16727504.0,11676451,69.8
Countries,IND,India,2012,POL3,Polio 3rd Dose,OFFICIAL,Official WHO/UNICEF estimate,16936038.0,11336945,66.94
Countries,IND,India,2012,ROTA,Rotavirus Last Dose,OFFICIAL,Official WHO/UNICEF estimate,16513585.0,10592278,64.14
Countries,IND,India,2012,IPV1,Inactivated Polio 1st Dose,OFFICIAL,Official WHO/UNICEF estimate,16705442.0,11298963,67.6%
Countries,IND,India,2012,HPV,Human Papillomavirus Last Dose,OFFICIAL,Official WHO/UNICEF estimate,16483283.0,8842655,53.65
Countries,IND,India,2013,MCV1,Measles 1st Dose,ADMINISTRATIVE,Administrative reports from health facilities,16914988.0,12320116,72.84
Countries,IND,India,2013,MCV2,Measles 2nd Dose,ADMINISTRATIVE,Administrative reports from health facilities,16759051.0,10105946,60.3
Countries,IND,India,2013,DTP1,Diphtheria-Tetanus-Pertussis 1st Dose,ADMINISTRATIVE,Administrative reports from health facilities,16774671.0,11186072,66.68
Countries,IND,India,2013,DTP3,Diphtheria-Tetanus-Pertussis 3rd Dose,ADMINISTRATIVE,Administrative reports from health facilities,17586057.0,10483190,59.61
Countries,IND,India,2013,BCG,Bacillus Calmette-Guérin (Tuberculosis),ADMINISTRATIVE,Administrative reports from health facilities,16881583.0,12277424,72.73
Countries,IND,India,2013,HEPB3,Hepatitis B 3rd Dose,ADMINISTRATIVE,Administrative reports from health facilities,17028359.0,12158227,71.4
Countries,IND,India,2013,POL3,Polio 3rd Dose,ADMINISTRATIVE,Administrative reports from health facilities,16326463.0,11805629,72.31
Countries,IND,India,2013,ROTA,Rotavirus Last Dose,ADMINISTRATIVE,Administrative reports from health facilities,16598761.0,10612106,63.9%
Countries,IND,India,2013,IPV1,Inactivated Polio 1st Dose,ADMINISTRATIVE,Administrative reports from health facilities,16805656.0,10414915,61.97
Countries,IND,India,2013,HPV,Human Papillomavirus Last Dose,ADMINISTRATIVE,Administrative reports from health facilities,17288419.0,9712982,56.18
Countries,IND,India,2014,MCV1,Measles 1st Dose,OFFICIAL,Official WHO/UNICEF estimate,16841300.0,12034559,71.46
Countries,IND,India,2014,MCV2,Measles 2nd Dose,OFFICIAL,Official WHO/UNICEF estimate,16545131.0,10431260,63.05
Countries,IND,India,2014,DTP1,Diphtheria-Tetanus-Pertussis 1st Dose,OFFICIAL,Official WHO/UNICEF estimate,17006427.0,11661954,68.57
Countries,IND,India,2014,DTP3,Diphtheria-Tetanus-Pertussis 3rd Dose,OFFICIAL,Official WHO/UNICEF estimate,17201045.0,10511488,61.11
Countries,IND,India,2014,BCG,Bacillus Calmette-Guérin (Tuberculosis),OFFICIAL,Official WHO/UNICEF estimate,17043041.0,12957277,76.03
Countries,IND,India,2014,HEPB3,Hepatitis B 3rd Dose,OFFICIAL,Official WHO/UNICEF estimate,17021946.0,11203830,65.82
Countries,IND,India,2014,POL3,Polio 3rd Dose,OFFICIAL,Official WHO/UNICEF estimate,16713457.0,11570016,69.2%
Countries,IND,India,2014,ROTA,Rotavirus Last Dose,OFFICIAL,Official WHO/UNICEF estimate,17100674.0,12779369,74.73
Countries,IND,India,2014,IPV1,Inactivated Polio 1st Dose,OFFICIAL,Official WHO/UNICEF estimate,17202759.0,11145429,64.79
Countries,IND,India,2014,HPV,Human Papillomavirus Last Dose,OFFICIAL,Official WHO/UNICEF estimate,17080778.0,10858560,63.57
Countries,IND,India,2015,MCV1,Measles 1st Dose,ADMINISTRATIVE,Administrative reports from health facilities,16863567.0,12502841,74.14
Countries,IND,India,2015,MCV2,Measles 2nd Dose,ADMINISTRATIVE,Administrative reports from health facilities,17220379.0,10457960,60.73
Countries,IND,India,2015,DTP1,Diphtheria-Tetanus-Pertussis 1st Dose,ADMINISTRATIVE,Administrative reports from health facilities,17582893.0,13195171,75.05
Countries,IND,India,2015,DTP3,Diphtheria-Tetanus-Pertussis 3rd Dose,ADMINISTRATIVE,Administrative reports from health facilities,16829863.0,10634762,63.19
Countries,IND,India,2015,BCG,Bacillus Calmette-Guérin (Tuberculosis),ADMINISTRATIVE,Administrative reports from health facilities,17266434.0,12302658,71.25
Countries,IND,India,2015,HEPB3,Hepatitis B 3rd Dose,ADMINISTRATIVE,Administrative reports from health facilities,17341887.0,11830267,68.2%
Countries,IND,India,2015,POL3,Polio 3rd Dose,ADMINISTRATIVE,Administrative reports from health facilities,17085467.0,12071964,70.66
Countries,IND,India,2015,ROTA,Rotavirus Last Dose,ADMINISTRATIVE,Administrative reports from health facilities,16615529.0,10972267,66.04
Countries,IND,India,2015,IPV1,Inactivated Polio 1st Dose,ADMINISTRATIVE,Administrative reports from health facilities,16703228.0,11650389,69.75
Countries,IND,India,2015,HPV,Human Papillomavirus Last Dose,ADMINISTRATIVE,Administrative reports from health facilities,17159299.0,9936349,57.91
Countries,IND,India,2016,MCV1,Measles 1st Dose,OFFICIAL,Official WHO/UNICEF estimate,16899664.0,12844375,76.0
Countries,IND,India,2016,MCV2,Measles 2nd Dose,OFFICIAL,Official WHO/UNICEF estimate,17615569.0,11554171,65.59
Countries,IND,India,2016,DTP1,Diphtheria-Tetanus-Pertussis 1st Dose,OFFICIAL,Official WHO/UNICEF estimate,17439584.0,13533574,77.6
Countries,IND,India,2016,DTP3,Diphtheria-Tetanus-Pertussis 3rd Dose,OFFICIAL,Official WHO/UNICEF estimate,18527711.0,11784118,63.6
Countries,IND,India,2016,BCG,Bacillus Calmette-Guérin (Tuberculosis),OFFICIAL,Official WHO/UNICEF estimate,17484428.0,13837002,79.14
Countries,IND,India,2016,HEPB3,Hepatitis B 3rd Dose,OFFICIAL,Official WHO/UNICEF estimate,17194969.0,11536983,67.1
Countries,IND,India,2016,POL3,Polio 3rd Dose,OFFICIAL,Official WHO/UNICEF estimate,16663624.0,12981180,77.9
Countries,IND,India,2016,ROTA,Rotavirus Last Dose,OFFICIAL,Official WHO/UNICEF estimate,17627024.0,12012506,68.15
Countries,IND,India,2016,IPV1,Inactivated Polio 1st Dose,OFFICIAL,Official WHO/UNICEF estimate,17493620.0,11772582,67.3
Countries,IND,India,2016,HPV,Human Papillomavirus Last Dose,OFFICIAL,Official WHO/UNICEF estimate,17059796.0,10570164,61.96
Countries,IND,India,2017,MCV1,Measles 1st Dose,ADMINISTRATIVE,Administrative reports from health facilities,17495854.0,12161718,69.51
Countries,IND,India,2017,MCV2,Measles 2nd Dose,ADMINISTRATIVE,Administrative reports from health facilities,17397700.0,10408378,59.8%
Countries,IND,India,2017,DTP1,Diphtheria-Tetanus-Pertussis 1st Dose,ADMINISTRATIVE,Administrative reports from health facilities,17717232.0,13884543,78.37
Countries,IND,India,2017,DTP3,Diphtheria-Tetanus-Pertussis 3rd Dose,ADMINISTRATIVE,Administrative reports from health facilities,17222178.0,10494797,60.94
Countries,IND,India,2017,BCG,Bacillus Calmette-Guérin (Tuberculosis),ADMINISTRATIVE,Administrative reports from health facilities,17734213.0,12801779,72.19
Countries,IND,India,2017,HEPB3,Hepatitis B 3rd Dose,ADMINISTRATIVE,Administrative reports from health facilities,17771561.0,13866713,78.03
Countries,IND,India,2017,POL3,Polio 3rd Dose,ADMINISTRATIVE,Administrative reports from health facilities,17204469.0,12909233,75.0%
Countries,IND,India,2017,ROTA,Rotavirus Last Dose,ADMINISTRATIVE,Administrative reports from health facilities,17687536.0,12762152,72.15
Countries,IND,India,2017,IPV1,Inactivated Polio 1st Dose,ADMINISTRATIVE,Administrative reports from health facilities,17101254.0,10133444,59.26
Countries,IND,India,2017,HPV,Human Papillomavirus Last Dose,ADMINISTRATIVE,Administrative reports from health facilities,16969023.0,11592123,68.31
Countries,IND,India,2018,MCV1,Measles 1st Dose,OFFICIAL,Official WHO/UNICEF estimate,17130103.0,14122820,82.44
Countries,IND,India,2018,MCV2,Measles 2nd Dose,OFFICIAL,Official WHO/UNICEF estimate,17748630.0,10642916,59.96
Countries,IND,India,2018,DTP1,Diphtheria-Tetanus-Pertussis 1st Dose,OFFICIAL,Official WHO/UNICEF estimate,17472466.0,13566375,77.64
Countries,IND,India,2018,DTP3,Diphtheria-Tetanus-Pertussis 3rd Dose,OFFICIAL,Official WHO/UNICEF estimate,17194645.0,11855889,68.95
Countries,IND,India,2018,BCG,Bacillus Calmette-Guérin (Tuberculosis),OFFICIAL,Official WHO/UNICEF estimate,17789762.0,13674768,76.87
Countries,IND,India,2018,HEPB3,Hepatitis B 3rd Dose,OFFICIAL,Official WHO/UNICEF estimate,17395104.0,12591180,72.38
Countries,IND,India,2018,POL3,Polio 3rd Dose,OFFICIAL,Official WHO/UNICEF estimate,17874912.0,12393967,69.34
Countries,IND,India,2018,ROTA,Rotavirus Last Dose,OFFICIAL,Official WHO/UNICEF estimate,17698181.0,13193746,74.55
Countries,IND,India,2018,IPV1,Inactivated Polio 1st Dose,OFFICIAL,Official WHO/UNICEF estimate,17415479.0,11929344,68.5
Countries,IND,India,2018,HPV,Human Papillomavirus Last Dose,OFFICIAL,Official WHO/UNICEF estimate,17636272.0,11168494,63.33
Countries,IND,India,2019,MCV1,Measles 1st Dose,ADMINISTRATIVE,Administrative reports from health facilities,17695088.0,14176391,80.11
Countries,IND,India,2019,MCV2,Measles 2nd Dose,ADMINISTRATIVE,Administrative reports from health facilities,18026095.0,12093519,67.09
Countries,IND,India,2019,DTP1,Diphtheria-Tetanus-Pertussis 1st Dose,ADMINISTRATIVE,Administrative reports from health facilities,17767825.0,14706282,82.77
Countries,IND,India,2019,DTP3,Diphtheria-Tetanus-Pertussis 3rd Dose,ADMINISTRATIVE,Administrative reports from health facilities,17718568.0,11576352,65.33
Countries,IND,India,2019,BCG,Bacillus Calmette-Guérin (Tuberculosis),ADMINISTRATIVE,Administrative reports from health facilities,18442868.0,13894161,75.34
Countries,IND,India,2019,HEPB3,Hepatitis B 3rd Dose,ADMINISTRATIVE,Administrative reports from health facilities,18018975.0,13740078,76.25
Countries,IND,India,2019,POL3,Polio 3rd Dose,ADMINISTRATIVE,Administrative reports from health facilities,17468575.0,12604823,72.16
Countries,IND,India,2019,ROTA,Rotavirus Last Dose,ADMINISTRATIVE,Administrative reports from health facilities,17713056.0,13393358,75.61
Countries,IND,India,2019,IPV1,Inactivated Polio 1st Dose,ADMINISTRATIVE,Administrative reports from health facilities,17577269.0,12944825,73.65
Countries,IND,India,2019,HPV,Human Papillomavirus Last Dose,ADMINISTRATIVE,Administrative reports from health facilities,17595773.0,11447349,65.06
Countries,IND,India,2020,MCV1,Measles 1st Dose,OFFICIAL,Official WHO/UNICEF estimate,17999548.0,12752925,70.85
Countries,IND,India,2020,MCV2,Measles 2nd Dose,OFFICIAL,Official WHO/UNICEF estimate,17465248.0,9331979,53.43
Countries,IND,India,2020,DTP1,Diphtheria-Tetanus-Pertussis 1st Dose,OFFICIAL,Official WHO/UNICEF estimate,17854365.0,12495456,69.99
Countries,IND,India,2020,DTP3,Diphtheria-Tetanus-Pertussis 3rd Dose,OFFICIAL,Official WHO/UNICEF estimate,17871803.0,10991482,61.5
Countries,IND,India,2020,BCG,Bacillus Calmette-Guérin (Tuberculosis),OFFICIAL,Official WHO/UNICEF estimate,17829854.0,12915091,72.44
Countries,IND,India,2020,HEPB3,Hepatitis B 3rd Dose,OFFICIAL,Official WHO/UNICEF estimate,17654339.0,11939543,67.63
Countries,IND,India,2020,POL3,Polio 3rd Dose,OFFICIAL,Official WHO/UNICEF estimate,18054839.0,11937740,66.12
Countries,IND,India,2020,ROTA,Rotavirus Last Dose,OFFICIAL,Official WHO/UNICEF estimate,17928029.0,12062753,67.28
Countries,IND,India,2020,IPV1,Inactivated Polio 1st Dose,OFFICIAL,Official WHO/UNICEF estimate,18086218.0,12042850,66.59
Countries,IND,India,2020,HPV,Human Papillomavirus Last Dose,OFFICIAL,Official WHO/UNICEF estimate,17673855.0,11671131,66.04
Countries,IND,India,2021,MCV1,Measles 1st Dose,ADMINISTRATIVE,Administrative reports from health facilities,17823454.0,14430636,80.96
Countries,IND,India,2021,MCV2,Measles 2nd Dose,ADMINISTRATIVE,Administrative reports from health facilities,17915532.0,9292135,51.87
Countries,IND,India,2021,DTP1,Diphtheria-Tetanus-Pertussis 1st Dose,ADMINISTRATIVE,Administrative reports from health facilities,18698295.0,13929509,74.5
Countries,IND,India,2021,DTP3,Diphtheria-Tetanus-Pertussis 3rd Dose,ADMINISTRATIVE,Administrative reports from health facilities,18247181.0,10246804,56.16
Countries,IND,India,2021,BCG,Bacillus Calmette-Guérin (Tuberculosis),ADMINISTRATIVE,Administrative reports from health facilities,18683723.0,12831828,68.68
Countries,IND,India,2021,HEPB3,Hepatitis B 3rd Dose,ADMINISTRATIVE,Administrative reports from health facilities,17933971.0,12809884,71.43
Countries,IND,India,2021,POL3,Polio 3rd Dose,ADMINISTRATIVE,Administrative reports from health facilities,18528083.0,11358461,61.3
Countries,IND,India,2021,ROTA,Rotavirus Last Dose,ADMINISTRATIVE,Administrative reports from health facilities,18490261.0,12369820,66.9
Countries,IND,India,2021,IPV1,Inactivated Polio 1st Dose,ADMINISTRATIVE,Administrative reports from health facilities,18102181.0,12186090,67.32
Countries,IND,India,2021,HPV,Human Papillomavirus Last Dose,ADMINISTRATIVE,Administrative reports from health facilities,18289850.0,10557774,57.72
Countries,IND,India,2022,MCV1,Measles 1st Dose,OFFICIAL,Official WHO/UNICEF estimate,18417465.0,14922020,81.02
Countries,IND,India,2022,MCV2,Measles 2nd Dose,OFFICIAL,Official WHO/UNICEF estimate,18666196.0,11429423,61.23
Countries,IND,India,2022,DTP1,Diphtheria-Tetanus-Pertussis 1st Dose,OFFICIAL,Official WHO/UNICEF estimate,18287512.0,15732569,86.03
Countries,IND,India,2022,DTP3,Diphtheria-Tetanus-Pertussis 3rd Dose,OFFICIAL,Official WHO/UNICEF estimate,18821862.0,13892909,73.81
Countries,IND,India,2022,BCG,Bacillus Calmette-Guérin (Tuberculosis),OFFICIAL,Official WHO/UNICEF estimate,18695838.0,15491149,82.86
Countries,IND,India,2022,HEPB3,Hepatitis B 3rd Dose,OFFICIAL,Official WHO/UNICEF estimate,17676660.0,13841617,78.3
Countries,IND,India,2022,POL3,Polio 3rd Dose,OFFICIAL,Official WHO/UNICEF estimate,18483654.0,13614519,73.66
Countries,IND,India,2022,ROTA,Rotavirus Last Dose,OFFICIAL,Official WHO/UNICEF estimate,17800054.0,14293470,80.3
Countries,IND,India,2022,IPV1,Inactivated Polio 1st Dose,OFFICIAL,Official WHO/UNICEF estimate,18231712.0,12513911,68.64
Countries,IND,India,2022,HPV,Human Papillomavirus Last Dose,OFFICIAL,Official WHO/UNICEF estimate,18220772.0,10816570,59.36
Countries,IND,India,2023,MCV1,Measles 1st Dose,ADMINISTRATIVE,Administrative reports from health facilities,18106463.0,14970983,82.68
Countries,IND,India,2023,MCV2,Measles 2nd Dose,ADMINISTRATIVE,Administrative reports from health facilities,18724031.0,12578920,67.18
Countries,IND,India,2023,DTP1,Diphtheria-Tetanus-Pertussis 1st Dose,ADMINISTRATIVE,Administrative reports from health facilities,18154371.0,14440730,79.54
Countries,IND,India,2023,DTP3,Diphtheria-Tetanus-Pertussis 3rd Dose,ADMINISTRATIVE,Administrative reports from health facilities,18075385.0,12115097,67.03
Countries,IND,India,2023,BCG,Bacillus Calmette-Guérin (Tuberculosis),ADMINISTRATIVE,Administrative reports from health facilities,18424252.0,16264291,88.3%
Countries,IND,India,2023,HEPB3,Hepatitis B 3rd Dose,ADMINISTRATIVE,Administrative reports from health facilities,18482493.0,13483156,72.95
Countries,IND,India,2023,POL3,Polio 3rd Dose,ADMINISTRATIVE,Administrative reports from health facilities,18340748.0,13756817,75.01
Countries,IND,India,2023,ROTA,Rotavirus Last Dose,ADMINISTRATIVE,Administrative reports from health facilities,18225106.0,13403334,73.54
Countries,IND,India,2023,IPV1,Inactivated Polio 1st Dose,ADMINISTRATIVE,Administrative reports from health facilities,18858210.0,13219007,70.1
Countries,IND,India,2023,HPV,Human Papillomavirus Last Dose,ADMINISTRATIVE,Administrative reports from health facilities,18514193.0,12852173,69.42
Countries,IND,India,2024,MCV1,Measles 1st Dose,OFFICIAL,Official WHO/UNICEF estimate,18264304.0,14931486,81.75
Countries,IND,India,2024,MCV2,Measles 2nd Dose,OFFICIAL,Official WHO/UNICEF estimate,18112207.0,11873053,65.6%
Countries,IND,India,2024,DTP1,Diphtheria-Tetanus-Pertussis 1st Dose,OFFICIAL,Official WHO/UNICEF estimate,18223239.0,14567109,79.94
Countries,IND,India,2024,DTP3,Diphtheria-Tetanus-Pertussis 3rd Dose,OFFICIAL,Official WHO/UNICEF estimate,18863022.0,13978441,74.1
Countries,IND,India,2024,BCG,Bacillus Calmette-Guérin (Tuberculosis),OFFICIAL,Official WHO/UNICEF estimate,18295021.0,15088048,82.47
Countries,IND,India,2024,HEPB3,Hepatitis B 3rd Dose,OFFICIAL,Official WHO/UNICEF estimate,18513675.0,13435307,72.57
Countries,IND,India,2024,POL3,Polio 3rd Dose,OFFICIAL,Official WHO/UNICEF estimate,19197963.0,15251173,79.44
Countries,IND,India,2024,ROTA,Rotavirus Last Dose,OFFICIAL,Official WHO/UNICEF estimate,18759170.0,13376228,71.31
Countries,IND,India,2024,IPV1,Inactivated Polio 1st Dose,OFFICIAL,Official WHO/UNICEF estimate,18416955.0,13614319,73.92
Countries,IND,India,2024,HPV,Human Papillomavirus Last Dose,OFFICIAL,Official WHO/UNICEF estimate,18304906.0,12515032,68.37
Countries,USA,United States,2010,MCV1,Measles 1st Dose,OFFICIAL,Official WHO/UNICEF estimate,,11213755,94.61
Countries,USA,United States,2010,MCV2,Measles 2nd Dose,OFFICIAL,Official WHO/UNICEF estimate,11746474.0,9393565,79.97
Countries,USA,United States,2010,DTP1,Diphtheria-Tetanus-Pertussis 1st Dose,OFFICIAL,Official WHO/UNICEF estimate,12056531.0,11453816,95.0
Countries,USA,United States,2010,DTP3,Diphtheria-Tetanus-Pertussis 3rd Dose,OFFICIAL,Official WHO/UNICEF estimate,11790063.0,9056663,76.82
Countries,USA,United States,2010,BCG,Bacillus Calmette-Guérin (Tuberculosis),OFFICIAL,Official WHO/UNICEF estimate,11819301.0,11518644,97.46
Countries,USA,United States,2010,HEPB3,Hepatitis B 3rd Dose,OFFICIAL,Official WHO/UNICEF estimate,11752392.0,10260676,87.31
Countries,USA,United States,2010,POL3,Polio 3rd Dose,OFFICIAL,Official WHO/UNICEF estimate,11188538.0,10655365,95.23
Countries,USA,United States,2010,ROTA,Rotavirus Last Dose,OFFICIAL,Official WHO/UNICEF estimate,,10059255,85.96
Countries,USA,United States,2010,IPV1,Inactivated Polio 1st Dose,OFFICIAL,Official WHO/UNICEF estimate,11403000.0,10006034,87.75
Countries,USA,United States,2010,HPV,Human Papillomavirus Last Dose,OFFICIAL,Official WHO/UNICEF estimate,11991785.0,9358497,78.04
Countries,USA,United States,2011,MCV1,Measles 1st Dose,ADMINISTRATIVE,Administrative reports from health facilities,11468653.0,10668207,93.02
Countries,USA,United States,2011,MCV2,Measles 2nd Dose,ADMINISTRATIVE,Administrative reports from health facilities,11919917.0,9853207,82.66
Countries,USA,United States,2011,DTP1,Diphtheria-Tetanus-Pertussis 1st Dose,ADMINISTRATIVE,Administrative reports from health facilities,11599291.0,10763198,92.79
Countries,USA,United States,2011,DTP3,Diphtheria-Tetanus-Pertussis 3rd Dose,ADMINISTRATIVE,Administrative reports from health facilities,11360286.0,9505249,83.67
Countries,USA,United States,2011,BCG,Bacillus Calmette-Guérin (Tuberculosis),ADMINISTRATIVE,Administrative reports from health facilities,11826600.0,11440327,96.73
Countries,USA,United States,2011,HEPB3,Hepatitis B 3rd Dose,ADMINISTRATIVE,Administrative reports from health facilities,11390031.0,10910872,95.79
Countries,USA,United States,2011,POL3,Polio 3rd Dose,ADMINISTRATIVE,Administrative reports from health facilities,11770574.0,10144483,86.19
Countries,USA,United States,2011,ROTA,Rotavirus Last Dose,ADMINISTRATIVE,Administrative reports from health facilities,11579723.0,9525974,82.26
Countries,USA,United States,2011,IPV1,Inactivated Polio 1st Dose,ADMINISTRATIVE,Administrative reports from health facilities,11750260.0,11135766,94.77
Countries,USA,United States,2011,HPV,Human Papillomavirus Last Dose,ADMINISTRATIVE,Administrative reports from health facilities,11992919.0,10037897,83.7
Countries,USA,United States,2012,MCV1,Measles 1st Dose,OFFICIAL,Official WHO/UNICEF estimate,11662524.0,11418248,97.91
Countries,USA,United States,2012,MCV2,Measles 2nd Dose,OFFICIAL,Official WHO/UNICEF estimate,11653634.0,9544865,81.9
Countries,USA,United States,2012,DTP1,Diphtheria-Tetanus-Pertussis 1st Dose,OFFICIAL,Official WHO/UNICEF estimate,12457594.0,11933508,95.79
Countries,USA,United States,2012,DTP3,Diphtheria-Tetanus-Pertussis 3rd Dose,OFFICIAL,Official WHO/UNICEF estimate,11763936.0,10181672,86.5%
Countries,USA,United States,2012,BCG,Bacillus Calmette-Guérin (Tuberculosis),OFFICIAL,Official WHO/UNICEF estimate,11994576.0,11874630,99.0
Countries,USA,United States,2012,HEPB3,Hepatitis B 3rd Dose,OFFICIAL,Official WHO/UNICEF estimate,11950201.0,10660546,89.21
Countries,USA,United States,2012,POL3,Polio 3rd Dose,OFFICIAL,Official WHO/UNICEF estimate,11524689.0,10654334,92.45
Countries,USA,United States,2012,ROTA,Rotavirus Last Dose,OFFICIAL,Official WHO/UNICEF estimate,11771788.0,10436758,88.66
Countries,USA,United States,2012,IPV1,Inactivated Polio 1st Dose,OFFICIAL,Official WHO/UNICEF estimate,12030760.0,11286945,93.82
Countries,USA,United States,2012,HPV,Human Papillomavirus Last Dose,OFFICIAL,Official WHO/UNICEF estimate,11764707.0,9464417,80.45
Countries,USA,United States,2013,MCV1,Measles 1st Dose,ADMINISTRATIVE,Administrative reports from health facilities,12212239.0,11570242,94.74
Countries,USA,United States,2013,MCV2,Measles 2nd Dose,ADMINISTRATIVE,Administrative reports from health facilities,12320178.0,9469051,76.86
Countries,USA,United States,2013,DTP1,Diphtheria-Tetanus-Pertussis 1st Dose,ADMINISTRATIVE,Administrative reports from health facilities,12297677.0,12059546,98.06
Countries,USA,United States,2013,DTP3,Diphtheria-Tetanus-Pertussis 3rd Dose,ADMINISTRATIVE,Administrative reports from health facilities,11342275.0,8728433,76.95
Countries,USA,United States,2013,BCG,Bacillus Calmette-Guérin (Tuberculosis),ADMINISTRATIVE,Administrative reports from health facilities,11634444.0,11407678,98.05
Countries,USA,United States,2013,HEPB3,Hepatitis B 3rd Dose,ADMINISTRATIVE,Administrative reports from health facilities,11828051.0,11122613,94.04
Countries,USA,United States,2013,POL3,Polio 3rd Dose,ADMINISTRATIVE,Administrative reports from health facilities,11644935.0,10558978,90.67
Countries,USA,United States,2013,ROTA,Rotavirus Last Dose,ADMINISTRATIVE,Administrative reports from health facilities,12031582.0,11342850,94.28
Countries,USA,United States,2013,IPV1,Inactivated Polio 1st Dose,ADMINISTRATIVE,Administrative reports from health facilities,11730326.0,10168913,86.69
Countries,USA,United States,2013,HPV,Human Papillomavirus Last Dose,ADMINISTRATIVE,Administrative reports from health facilities,12253451.0,9853603,80.41
Countries,USA,United States,2014,MCV1,Measles 1st Dose,OFFICIAL,Official WHO/UNICEF estimate,12015159.0,11895007,99.0
Countries,USA,United States,2014,MCV2,Measles 2nd Dose,OFFICIAL,Official WHO/UNICEF estimate,12530313.0,10528200,84.02
Countries,USA,United States,2014,DTP1,Diphtheria-Tetanus-Pertussis 1st Dose,OFFICIAL,Official WHO/UNICEF estimate,12102855.0,11981826,99.0
Countries,USA,United States,2014,DTP3,Diphtheria-Tetanus-Pertussis 3rd Dose,OFFICIAL,Official WHO/UNICEF estimate,12064203.0,10083751,83.58
Countries,USA,United States,2014,BCG,Bacillus Calmette-Guérin (Tuberculosis),OFFICIAL,Official WHO/UNICEF estimate,12136143.0,12014781,99.0
Countries,USA,United States,2014,HEPB3,Hepatitis B 3rd Dose,OFFICIAL,Official WHO/UNICEF estimate,12345511.0,11148137,90.3
Countries,USA,United States,2014,POL3,Polio 3rd Dose,OFFICIAL,Official WHO/UNICEF estimate,11778544.0,10752573,91.29
Countries,USA,United States,2014,ROTA,Rotavirus Last Dose,OFFICIAL,Official WHO/UNICEF estimate,12147205.0,11487583,94.57
Countries,USA,United States,2014,IPV1,Inactivated Polio 1st Dose,OFFICIAL,Official WHO/UNICEF estimate,12204892.0,11664742,95.57
Countries,USA,United States,2014,HPV,Human Papillomavirus Last Dose,OFFICIAL,Official WHO/UNICEF estimate,11860806.0,9753694,82.23
Countries,USA,United States,2015,MCV1,Measles 1st Dose,ADMINISTRATIVE,Administrative reports from health facilities,12402701.0,12278673,99.0
Countries,USA,United States,2015,MCV2,Measles 2nd Dose,ADMINISTRATIVE,Administrative reports from health facilities,12426004.0,10581502,85.16
Countries,USA,United States,2015,DTP1,Diphtheria-Tetanus-Pertussis 1st Dose,ADMINISTRATIVE,Administrative reports from health facilities,12488669.0,11583826,92.75
Countries,USA,United States,2015,DTP3,Diphtheria-Tetanus-Pertussis 3rd Dose,ADMINISTRATIVE,Administrative reports from health facilities,12067439.0,10637234,88.15
Countries,USA,United States,2015,BCG,Bacillus Calmette-Guérin (Tuberculosis),ADMINISTRATIVE,Administrative reports from health facilities,12283389.0,11885086,96.76
Countries,USA,United States,2015,HEPB3,Hepatitis B 3rd Dose,ADMINISTRATIVE,Administrative reports from health facilities,12195166.0,10650037,87.33
Countries,USA,United States,2015,POL3,Polio 3rd Dose,ADMINISTRATIVE,Administrative reports from health facilities,12469570.0,11851589,95.04
Countries,USA,United States,2015,ROTA,Rotavirus Last Dose,ADMINISTRATIVE,Administrative reports from health facilities,12655096.0,11199442,88.5
Countries,USA,United States,2015,IPV1,Inactivated Polio 1st Dose,ADMINISTRATIVE,Administrative reports from health facilities,12491526.0,11974450,95.86
Countries,USA,United States,2015,HPV,Human Papillomavirus Last Dose,ADMINISTRATIVE,Administrative reports from health facilities,12539891.0,10529893,83.97
Countries,USA,United States,2016,MCV1,Measles 1st Dose,OFFICIAL,Official WHO/UNICEF estimate,12335002.0,12211651,99.0
Countries,USA,United States,2016,MCV2,Measles 2nd Dose,OFFICIAL,Official WHO/UNICEF estimate,12128068.0,9903076,81.65
Countries,USA,United States,2016,DTP1,Diphtheria-Tetanus-Pertussis 1st Dose,OFFICIAL,Official WHO/UNICEF estimate,12874884.0,12675835,98.45
Countries,USA,United States,2016,DTP3,Diphtheria-Tetanus-Pertussis 3rd Dose,OFFICIAL,Official WHO/UNICEF estimate,12224488.0,10967033,89.71
Countries,USA,United States,2016,BCG,Bacillus Calmette-Guérin (Tuberculosis),OFFICIAL,Official WHO/UNICEF estimate,12288042.0,12165161,99.0
Countries,USA,United States,2016,HEPB3,Hepatitis B 3rd Dose,OFFICIAL,Official WHO/UNICEF estimate,12310842.0,11779685,95.69
Countries,USA,United States,2016,POL3,Polio 3rd Dose,OFFICIAL,Official WHO/UNICEF estimate,12469109.0,11515604,92.35
Countries,USA,United States,2016,ROTA,Rotavirus Last Dose,OFFICIAL,Official WHO/UNICEF estimate,12311010.0,10668505,86.66
Countries,USA,United States,2016,IPV1,Inactivated Polio 1st Dose,OFFICIAL,Official WHO/UNICEF estimate,12394029.0,11604033,93.63
Countries,USA,United States,2016,HPV,Human Papillomavirus Last Dose,OFFICIAL,Official WHO/UNICEF estimate,12875003.0,10701647,83.12
Countries,USA,United States,2017,MCV1,Measles 1st Dose,ADMINISTRATIVE,Administrative reports from health facilities,12292294.0,12169371,99.0
Countries,USA,United States,2017,MCV2,Measles 2nd Dose,ADMINISTRATIVE,Administrative reports from health facilities,12317862.0,10969059,89.05
Countries,USA,United States,2017,DTP1,Diphtheria-Tetanus-Pertussis 1st Dose,ADMINISTRATIVE,Administrative reports from health facilities,12909322.0,12780228,99.0
Countries,USA,United States,2017,DTP3,Diphtheria-Tetanus-Pertussis 3rd Dose,ADMINISTRATIVE,Administrative reports from health facilities,12755720.0,11227670,88.02
Countries,USA,United States,2017,BCG,Bacillus Calmette-Guérin (Tuberculosis),ADMINISTRATIVE,Administrative reports from health facilities,12458912.0,12334322,99.0
Countries,USA,United States,2017,HEPB3,Hepatitis B 3rd Dose,ADMINISTRATIVE,Administrative reports from health facilities,12484687.0,11561868,92.61
Countries,USA,United States,2017,POL3,Polio 3rd Dose,ADMINISTRATIVE,Administrative reports from health facilities,13063013.0,11655017,89.22
Countries,USA,United States,2017,ROTA,Rotavirus Last Dose,ADMINISTRATIVE,Administrative reports from health facilities,12599624.0,11431963,90.73
Countries,USA,United States,2017,IPV1,Inactivated Polio 1st Dose,ADMINISTRATIVE,Administrative reports from health facilities,12640587.0,12122208,95.9
Countries,USA,United States,2017,HPV,Human Papillomavirus Last Dose,ADMINISTRATIVE,Administrative reports from health facilities,12535447.0,11691652,93.27
Countries,USA,United States,2018,MCV1,Measles 1st Dose,OFFICIAL,Official WHO/UNICEF estimate,13211068.0,12868212,97.4
Countries,USA,United States,2018,MCV2,Measles 2nd Dose,OFFICIAL,Official WHO/UNICEF estimate,12273700.0,9710943,79.12
Countries,USA,United States,2018,DTP1,Diphtheria-Tetanus-Pertussis 1st Dose,OFFICIAL,Official WHO/UNICEF estimate,12685646.0,12558789,99.0
Countries,USA,United States,2018,DTP3,Diphtheria-Tetanus-Pertussis 3rd Dose,OFFICIAL,Official WHO/UNICEF estimate,12526988.0,11266206,89.94
Countries,USA,United States,2018,BCG,Bacillus Calmette-Guérin (Tuberculosis),OFFICIAL,Official WHO/UNICEF estimate,12296472.0,12157296,98.87
Countries,USA,United States,2018,HEPB3,Hepatitis B 3rd Dose,OFFICIAL,Official WHO/UNICEF estimate,12421259.0,12297046,99.0
Countries,USA,United States,2018,POL3,Polio 3rd Dose,OFFICIAL,Official WHO/UNICEF estimate,12417961.0,11606806,93.47
Countries,USA,United States,2018,ROTA,Rotavirus Last Dose,OFFICIAL,Official WHO/UNICEF estimate,12541328.0,11835122,94.37
Countries,USA,United States,2018,IPV1,Inactivated Polio 1st Dose,OFFICIAL,Official WHO/UNICEF estimate,12948460.0,12525721,96.74
Countries,USA,United States,2018,HPV,Human Papillomavirus Last Dose,OFFICIAL,Official WHO/UNICEF estimate,12508627.0,10390027,83.06
Countries,USA,United States,2019,MCV1,Measles 1st Dose,ADMINISTRATIVE,Administrative reports from health facilities,12332283.0,12208960,99.0
Countries,USA,United States,2019,MCV2,Measles 2nd Dose,ADMINISTRATIVE,Administrative reports from health facilities,12737435.0,11477753,90.11
Countries,USA,United States,2019,DTP1,Diphtheria-Tetanus-Pertussis 1st Dose,ADMINISTRATIVE,Administrative reports from health facilities,12535568.0,12410212,99.0
Countries,USA,United States,2019,DTP3,Diphtheria-Tetanus-Pertussis 3rd Dose,ADMINISTRATIVE,Administrative reports from health facilities,12572418.0,10906730,86.8%
Countries,USA,United States,2019,BCG,Bacillus Calmette-Guérin (Tuberculosis),ADMINISTRATIVE,Administrative reports from health facilities,12807418.0,12679343,99.0
Countries,USA,United States,2019,HEPB3,Hepatitis B 3rd Dose,ADMINISTRATIVE,Administrative reports from health facilities,12798438.0,12670453,99.0
Countries,USA,United States,2019,POL3,Polio 3rd Dose,ADMINISTRATIVE,Administrative reports from health facilities,13426548.0,11921720,88.79
Countries,USA,United States,2019,ROTA,Rotavirus Last Dose,ADMINISTRATIVE,Administrative reports from health facilities,12534048.0,12408707,99.0
Countries,USA,United States,2019,IPV1,Inactivated Polio 1st Dose,ADMINISTRATIVE,Administrative reports from health facilities,12484588.0,10904059,87.34
Countries,USA,United States,2019,HPV,Human Papillomavirus Last Dose,ADMINISTRATIVE,Administrative reports from health facilities,12645424.0,10996261,86.96
Countries,USA,United States,2020,MCV1,Measles 1st Dose,OFFICIAL,Official WHO/UNICEF estimate,12606813.0,11613438,92.1%
Countries,USA,United States,2020,MCV2,Measles 2nd Dose,OFFICIAL,Official WHO/UNICEF estimate,12658599.0,10336957,81.66
Countries,USA,United States,2020,DTP1,Diphtheria-Tetanus-Pertussis 1st Dose,OFFICIAL,Official WHO/UNICEF estimate,12813868.0,12644242,98.68
Countries,USA,United States,2020,DTP3,Diphtheria-Tetanus-Pertussis 3rd Dose,OFFICIAL,Official WHO/UNICEF estimate,12836376.0,10957515,85.36
Countries,USA,United States,2020,BCG,Bacillus Calmette-Guérin (Tuberculosis),OFFICIAL,Official WHO/UNICEF estimate,12932816.0,12179605,94.18
Countries,USA,United States,2020,HEPB3,Hepatitis B 3rd Dose,OFFICIAL,Official WHO/UNICEF estimate,12632633.0,10789388,85.41
Countries,USA,United States,2020,POL3,Polio 3rd Dose,OFFICIAL,Official WHO/UNICEF estimate,12943896.0,11164247,86.25
Countries,USA,United States,2020,ROTA,Rotavirus Last Dose,OFFICIAL,Official WHO/UNICEF estimate,12783450.0,11906597,93.1%
Countries,USA,United States,2020,IPV1,Inactivated Polio 1st Dose,OFFICIAL,Official WHO/UNICEF estimate,12770011.0,11531792,90.3%
Countries,USA,United States,2020,HPV,Human Papillomavirus Last Dose,OFFICIAL,Official WHO/UNICEF estimate,13006269.0,10231028,78.66
Countries,USA,United States,2021,MCV1,Measles 1st Dose,ADMINISTRATIVE,Administrative reports from health facilities,12481288.0,12304536,98.58
Countries,USA,United States,2021,MCV2,Measles 2nd Dose,ADMINISTRATIVE,Administrative reports from health facilities,12765830.0,10331605,80.9%
Countries,USA,United States,2021,DTP1,Diphtheria-Tetanus-Pertussis 1st Dose,ADMINISTRATIVE,Administrative reports from health facilities,13179755.0,12530125,95.07
Countries,USA,United States,2021,DTP3,Diphtheria-Tetanus-Pertussis 3rd Dose,ADMINISTRATIVE,Administrative reports from health facilities,13036428.0,10475498,80.36
Countries,USA,United States,2021,BCG,Bacillus Calmette-Guérin (Tuberculosis),ADMINISTRATIVE,Administrative reports from health facilities,12781348.0,12527825,98.02
Countries,USA,United States,2021,HEPB3,Hepatitis B 3rd Dose,ADMINISTRATIVE,Administrative reports from health facilities,13366812.0,11795821,88.25
Countries,USA,United States,2021,POL3,Polio 3rd Dose,ADMINISTRATIVE,Administrative reports from health facilities,12882680.0,11349415,88.1
Countries,USA,United States,2021,ROTA,Rotavirus Last Dose,ADMINISTRATIVE,Administrative reports from health facilities,13092172.0,11562103,88.3%
Countries,USA,United States,2021,IPV1,Inactivated Polio 1st Dose,ADMINISTRATIVE,Administrative reports from health facilities,12910742.0,11964907,92.67
Countries,USA,United States,2021,HPV,Human Papillomavirus Last Dose,ADMINISTRATIVE,Administrative reports from health facilities,12946995.0,11243857,86.85
Countries,USA,United States,2022,MCV1,Measles 1st Dose,OFFICIAL,Official WHO/UNICEF estimate,13208569.0,13076483,99.0
Countries,USA,United States,2022,MCV2,Measles 2nd Dose,OFFICIAL,Official WHO/UNICEF estimate,13094987.0,11930573,91.11
Countries,USA,United States,2022,DTP1,Diphtheria-Tetanus-Pertussis 1st Dose,OFFICIAL,Official WHO/UNICEF estimate,13399037.0,13265046,99.0
Countries,USA,United States,2022,DTP3,Diphtheria-Tetanus-Pertussis 3rd Dose,OFFICIAL,Official WHO/UNICEF estimate,13238592.0,12298331,92.9
Countries,USA,United States,2022,BCG,Bacillus Calmette-Guérin (Tuberculosis),OFFICIAL,Official WHO/UNICEF estimate,13438995.0,13304605,99.0
Countries,USA,United States,2022,HEPB3,Hepatitis B 3rd Dose,OFFICIAL,Official WHO/UNICEF estimate,12926168.0,12426413,96.13
Countries,USA,United States,2022,POL3,Polio 3rd Dose,OFFICIAL,Official WHO/UNICEF estimate,12460625.0,12336018,99.0%
Countries,USA,United States,2022,ROTA,Rotavirus Last Dose,OFFICIAL,Official WHO/UNICEF estimate,12978546.0,12848760,99.0
Countries,USA,United States,2022,IPV1,Inactivated Polio 1st Dose,OFFICIAL,Official WHO/UNICEF estimate,13387821.0,13253942,99.0
Countries,USA,United States,2022,HPV,Human Papillomavirus Last Dose,OFFICIAL,Official WHO/UNICEF estimate,12930215.0,11325754,87.59
Countries,USA,United States,2023,MCV1,Measles 1st Dose,ADMINISTRATIVE,Administrative reports from health facilities,13612334.0,13476210,99.0
Countries,USA,United States,2023,MCV2,Measles 2nd Dose,ADMINISTRATIVE,Administrative reports from health facilities,13065100.0,12708406,97.27
Countries,USA,United States,2023,DTP1,Diphtheria-Tetanus-Pertussis 1st Dose,ADMINISTRATIVE,Administrative reports from health facilities,13451532.0,13317016,99.0
Countries,USA,United States,2023,DTP3,Diphtheria-Tetanus-Pertussis 3rd Dose,ADMINISTRATIVE,Administrative reports from health facilities,13263975.0,12110405,91.3
Countries,USA,United States,2023,BCG,Bacillus Calmette-Guérin (Tuberculosis),ADMINISTRATIVE,Administrative reports from health facilities,12942461.0,12813036,99.0%
Countries,USA,United States,2023,HEPB3,Hepatitis B 3rd Dose,ADMINISTRATIVE,Administrative reports from health facilities,12887817.0,12406684,96.27
Countries,USA,United States,2023,POL3,Polio 3rd Dose,ADMINISTRATIVE,Administrative reports from health facilities,12973036.0,12793847,98.62
Countries,USA,United States,2023,ROTA,Rotavirus Last Dose,ADMINISTRATIVE,Administrative reports from health facilities,13405071.0,12969556,96.75
Countries,USA,United States,2023,IPV1,Inactivated Polio 1st Dose,ADMINISTRATIVE,Administrative reports from health facilities,12926868.0,12797599,99.0
Countries,USA,United States,2023,HPV,Human Papillomavirus Last Dose,ADMINISTRATIVE,Administrative reports from health facilities,13185667.0,12082240,91.63
Countries,USA,United States,2024,MCV1,Measles 1st Dose,OFFICIAL,Official WHO/UNICEF estimate,13593200.0,13457268,99.0
Countries,USA,United States,2024,MCV2,Measles 2nd Dose,OFFICIAL,Official WHO/UNICEF estimate,13401400.0,12815516,95.63
Countries,USA,United States,2024,DTP1,Diphtheria-Tetanus-Pertussis 1st Dose,OFFICIAL,Official WHO/UNICEF estimate,13731360.0,13594046,99.0
Countries,USA,United States,2024,DTP3,Diphtheria-Tetanus-Pertussis 3rd Dose,OFFICIAL,Official WHO/UNICEF estimate,13265554.0,11829033,89.17
Countries,USA,United States,2024,BCG,Bacillus Calmette-Guérin (Tuberculosis),OFFICIAL,Official WHO/UNICEF estimate,13636089.0,13499728,99.0
Countries,USA,United States,2024,HEPB3,Hepatitis B 3rd Dose,OFFICIAL,Official WHO/UNICEF estimate,13516651.0,12671652,93.75
Countries,USA,United States,2024,POL3,Polio 3rd Dose,OFFICIAL,Official WHO/UNICEF estimate,13513950.0,13317835,98.5%
Countries,USA,United States,2024,ROTA,Rotavirus Last Dose,OFFICIAL,Official WHO/UNICEF estimate,12806114.0,12678052,99.0
Countries,USA,United States,2024,IPV1,Inactivated Polio 1st Dose,OFFICIAL,Official WHO/UNICEF estimate,13160765.0,12424559,94.41
Countries,USA,United States,2024,HPV,Human Papillomavirus Last Dose,OFFICIAL,Official WHO/UNICEF estimate,13353064.0,12020671,90.02
Countries,BRA,Brazil,2010,MCV1,Measles 1st Dose,OFFICIAL,Official WHO/UNICEF estimate,10720347.0,8305571,77.47
Countries,BRA,Brazil,2010,MCV2,Measles 2nd Dose,OFFICIAL,Official WHO/UNICEF estimate,11354274.0,7327330,64.53
Countries,BRA,Brazil,2010,DTP1,Diphtheria-Tetanus-Pertussis 1st Dose,OFFICIAL,Official WHO/UNICEF estimate,10792146.0,8448595,78.28
Countries,BRA,Brazil,2010,DTP3,Diphtheria-Tetanus-Pertussis 3rd Dose,OFFICIAL,Official WHO/UNICEF estimate,10643445.0,7648912,71.87
Countries,BRA,Brazil,2010,BCG,Bacillus Calmette-Guérin (Tuberculosis),OFFICIAL,Official WHO/UNICEF estimate,10767508.0,9196064,85.41
Countries,BRA,Brazil,2010,HEPB3,Hepatitis B 3rd Dose,OFFICIAL,Official WHO/UNICEF estimate,10853561.0,8588781,79.13
Countries,BRA,Brazil,2010,POL3,Polio 3rd Dose,OFFICIAL,Official WHO/UNICEF estimate,11149176.0,8635197,77.45
Countries,BRA,Brazil,2010,ROTA,Rotavirus Last Dose,OFFICIAL,Official WHO/UNICEF estimate,10986907.0,8125423,73.96
Countries,BRA,Brazil,2010,IPV1,Inactivated Polio 1st Dose,OFFICIAL,Official WHO/UNICEF estimate,10645201.0,8604039,80.83
Countries,BRA,Brazil,2010,HPV,Human Papillomavirus Last Dose,OFFICIAL,Official WHO/UNICEF estimate,10857730.0,7009137,64.55
Countries,BRA,Brazil,2011,MCV1,Measles 1st Dose,ADMINISTRATIVE,Administrative reports from health facilities,11081876.0,8584791,77.47
Countries,BRA,Brazil,2011,MCV2,Measles 2nd Dose,ADMINISTRATIVE,Administrative reports from health facilities,10722444.0,7835022,73.07
Countries,BRA,Brazil,2011,DTP1,Diphtheria-Tetanus-Pertussis 1st Dose,ADMINISTRATIVE,Administrative reports from health facilities,11293304.0,9911543,87.76
Countries,BRA,Brazil,2011,DTP3,Diphtheria-Tetanus-Pertussis 3rd Dose,ADMINISTRATIVE,Administrative reports from health facilities,11309951.0,8151001,72.07
Countries,BRA,Brazil,2011,BCG,Bacillus Calmette-Guérin (Tuberculosis),ADMINISTRATIVE,Administrative reports from health facilities,10906082.0,9123582,83.66
Countries,BRA,Brazil,2011,HEPB3,Hepatitis B 3rd Dose,ADMINISTRATIVE,Administrative reports from health facilities,10800402.0,8461228,78.34
Countries,BRA,Brazil,2011,POL3,Polio 3rd Dose,ADMINISTRATIVE,Administrative reports from health facilities,11028407.0,8463125,76.74
Countries,BRA,Brazil,2011,ROTA,Rotavirus Last Dose,ADMINISTRATIVE,Administrative reports from health facilities,11125187.0,8820904,79.29
Countries,BRA,Brazil,2011,IPV1,Inactivated Polio 1st Dose,ADMINISTRATIVE,Administrative reports from health facilities,11667820.0,8336282,71.45
Countries,BRA,Brazil,2011,HPV,Human Papillomavirus Last Dose,ADMINISTRATIVE,Administrative reports from health facilities,11167051.0,7539474,67.52
Countries,BRA,Brazil,2012,MCV1,Measles 1st Dose,OFFICIAL,Official WHO/UNICEF estimate,10993471.0,9516827,86.57
Countries,BRA,Brazil,2012,MCV2,Measles 2nd Dose,OFFICIAL,Official WHO/UNICEF estimate,10935294.0,8039109,73.52
Countries,BRA,Brazil,2012,DTP1,Diphtheria-Tetanus-Pertussis 1st Dose,OFFICIAL,Official WHO/UNICEF estimate,11572983.0,9893962,85.49
Countries,BRA,Brazil,2012,DTP3,Diphtheria-Tetanus-Pertussis 3rd Dose,OFFICIAL,Official WHO/UNICEF estimate,11150289.0,7808411,70.03
Countries,BRA,Brazil,2012,BCG,Bacillus Calmette-Guérin (Tuberculosis),OFFICIAL,Official WHO/UNICEF estimate,11281494.0,9231836,81.83
Countries,BRA,Brazil,2012,HEPB3,Hepatitis B 3rd Dose,OFFICIAL,Official WHO/UNICEF estimate,11200318.0,8612966,76.9
Countries,BRA,Brazil,2012,POL3,Polio 3rd Dose,OFFICIAL,Official WHO/UNICEF estimate,11080445.0,9209844,83.12
Countries,BRA,Brazil,2012,ROTA,Rotavirus Last Dose,OFFICIAL,Official WHO/UNICEF estimate,11213183.0,9147200,81.58
Countries,BRA,Brazil,2012,IPV1,Inactivated Polio 1st Dose,OFFICIAL,Official WHO/UNICEF estimate,11259996.0,9375547,83.26
Countries,BRA,Brazil,2012,HPV,Human Papillomavirus Last Dose,OFFICIAL,Official WHO/UNICEF estimate,11078475.0,8432286,76.11
Countries,BRA,Brazil,2013,MCV1,Measles 1st Dose,ADMINISTRATIVE,Administrative reports from health facilities,10885822.0,8918418,81.93
Countries,BRA,Brazil,2013,MCV2,Measles 2nd Dose,ADMINISTRATIVE,Administrative reports from health facilities,11178447.0,7485697,66.97
Countries,BRA,Brazil,2013,DTP1,Diphtheria-Tetanus-Pertussis 1st Dose,ADMINISTRATIVE,Administrative reports from health facilities,11091857.0,9649242,86.99
Countries,BRA,Brazil,2013,DTP3,Diphtheria-Tetanus-Pertussis 3rd Dose,ADMINISTRATIVE,Administrative reports from health facilities,11095595.0,7159783,64.53
Countries,BRA,Brazil,2013,BCG,Bacillus Calmette-Guérin (Tuberculosis),ADMINISTRATIVE,Administrative reports from health facilities,11240370.0,9532974,84.81
Countries,BRA,Brazil,2013,HEPB3,Hepatitis B 3rd Dose,ADMINISTRATIVE,Administrative reports from health facilities,10846448.0,9269249,85.46
Countries,BRA,Brazil,2013,POL3,Polio 3rd Dose,ADMINISTRATIVE,Administrative reports from health facilities,11370373.0,9412384,82.78
Countries,BRA,Brazil,2013,ROTA,Rotavirus Last Dose,ADMINISTRATIVE,Administrative reports from health facilities,11330332.0,9009381,79.52
Countries,BRA,Brazil,2013,IPV1,Inactivated Polio 1st Dose,ADMINISTRATIVE,Administrative reports from health facilities,11365483.0,9062706,79.74
Countries,BRA,Brazil,2013,HPV,Human Papillomavirus Last Dose,ADMINISTRATIVE,Administrative reports from health facilities,11029813.0,7649505,69.35
Countries,BRA,Brazil,2014,MCV1,Measles 1st Dose,OFFICIAL,Official WHO/UNICEF estimate,11440542.0,9210510,80.51
Countries,BRA,Brazil,2014,MCV2,Measles 2nd Dose,OFFICIAL,Official WHO/UNICEF estimate,11007424.0,7824998,71.09
Countries,BRA,Brazil,2014,DTP1,Diphtheria-Tetanus-Pertussis 1st Dose,OFFICIAL,Official WHO/UNICEF estimate,11474211.0,9616283,83.81
Countries,BRA,Brazil,2014,DTP3,Diphtheria-Tetanus-Pertussis 3rd Dose,OFFICIAL,Official WHO/UNICEF estimate,11149257.0,8223877,73.76
Countries,BRA,Brazil,2014,BCG,Bacillus Calmette-Guérin (Tuberculosis),OFFICIAL,Official WHO/UNICEF estimate,11337487.0,10440799,92.09
Countries,BRA,Brazil,2014,HEPB3,Hepatitis B 3rd Dose,OFFICIAL,Official WHO/UNICEF estimate,11384292.0,9432098,82.85
Countries,BRA,Brazil,2014,POL3,Polio 3rd Dose,OFFICIAL,Official WHO/UNICEF estimate,11441493.0,9176787,80.21
Countries,BRA,Brazil,2014,ROTA,Rotavirus Last Dose,OFFICIAL,Official WHO/UNICEF estimate,11288194.0,9620134,85.22
Countries,BRA,Brazil,2014,IPV1,Inactivated Polio 1st Dose,OFFICIAL,Official WHO/UNICEF estimate,11200872.0,9388019,83.82
Countries,BRA,Brazil,2014,HPV,Human Papillomavirus Last Dose,OFFICIAL,Official WHO/UNICEF estimate,11173063.0,8890239,79.57
Countries,BRA,Brazil,2015,MCV1,Measles 1st Dose,ADMINISTRATIVE,Administrative reports from health facilities,11192796.0,10720396,95.78
Countries,BRA,Brazil,2015,MCV2,Measles 2nd Dose,ADMINISTRATIVE,Administrative reports from health facilities,11562094.0,8412651,72.76
Countries,BRA,Brazil,2015,DTP1,Diphtheria-Tetanus-Pertussis 1st Dose,ADMINISTRATIVE,Administrative reports from health facilities,11817526.0,10905927,92.29
Countries,BRA,Brazil,2015,DTP3,Diphtheria-Tetanus-Pertussis 3rd Dose,ADMINISTRATIVE,Administrative reports from health facilities,11095089.0,8777128,79.11
Countries,BRA,Brazil,2015,BCG,Bacillus Calmette-Guérin (Tuberculosis),ADMINISTRATIVE,Administrative reports from health facilities,11294439.0,10102976,89.45
Countries,BRA,Brazil,2015,HEPB3,Hepatitis B 3rd Dose,ADMINISTRATIVE,Administrative reports from health facilities,11704130.0,9997356,85.42
Countries,BRA,Brazil,2015,POL3,Polio 3rd Dose,ADMINISTRATIVE,Administrative reports from health facilities,11346439.0,9424284,83.06
Countries,BRA,Brazil,2015,ROTA,Rotavirus Last Dose,ADMINISTRATIVE,Administrative reports from health facilities,11307759.0,8836705,78.15
Countries,BRA,Brazil,2015,IPV1,Inactivated Polio 1st Dose,ADMINISTRATIVE,Administrative reports from health facilities,11470372.0,9100978,79.34
Countries,BRA,Brazil,2015,HPV,Human Papillomavirus Last Dose,ADMINISTRATIVE,Administrative reports from health facilities,11486767.0,8914732,77.61
Countries,BRA,Brazil,2016,MCV1,Measles 1st Dose,OFFICIAL,Official WHO/UNICEF estimate,11302918.0,9573106,84.7
Countries,BRA,Brazil,2016,MCV2,Measles 2nd Dose,OFFICIAL,Official WHO/UNICEF estimate,11997255.0,9265779,77.23
Countries,BRA,Brazil,2016,DTP1,Diphtheria-Tetanus-Pertussis 1st Dose,OFFICIAL,Official WHO/UNICEF estimate,11423571.0,10182687,89.14
Countries,BRA,Brazil,2016,DTP3,Diphtheria-Tetanus-Pertussis 3rd Dose,OFFICIAL,Official WHO/UNICEF estimate,11709668.0,8352807,71.33
Countries,BRA,Brazil,2016,BCG,Bacillus Calmette-Guérin (Tuberculosis),OFFICIAL,Official WHO/UNICEF estimate,11505255.0,10854302,94.34
Countries,BRA,Brazil,2016,HEPB3,Hepatitis B 3rd Dose,OFFICIAL,Official WHO/UNICEF estimate,11264997.0,9116910,80.93
Countries,BRA,Brazil,2016,POL3,Polio 3rd Dose,OFFICIAL,Official WHO/UNICEF estimate,11742564.0,9752843,83.06
Countries,BRA,Brazil,2016,ROTA,Rotavirus Last Dose,OFFICIAL,Official WHO/UNICEF estimate,11621441.0,9317824,80.18
Countries,BRA,Brazil,2016,IPV1,Inactivated Polio 1st Dose,OFFICIAL,Official WHO/UNICEF estimate,11699402.0,9893374,84.56
Countries,BRA,Brazil,2016,HPV,Human Papillomavirus Last Dose,OFFICIAL,Official WHO/UNICEF estimate,11377968.0,8084378,71.05
Countries,BRA,Brazil,2017,MCV1,Measles 1st Dose,ADMINISTRATIVE,Administrative reports from health facilities,11836018.0,10641190,89.91
Countries,BRA,Brazil,2017,MCV2,Measles 2nd Dose,ADMINISTRATIVE,Administrative reports from health facilities,11434365.0,9507114,83.15
Countries,BRA,Brazil,2017,DTP1,Diphtheria-Tetanus-Pertussis 1st Dose,ADMINISTRATIVE,Administrative reports from health facilities,11681072.0,10568983,90.48
Countries,BRA,Brazil,2017,DTP3,Diphtheria-Tetanus-Pertussis 3rd Dose,ADMINISTRATIVE,Administrative reports from health facilities,11936066.0,8840440,74.06
Countries,BRA,Brazil,2017,BCG,Bacillus Calmette-Guérin (Tuberculosis),ADMINISTRATIVE,Administrative reports from health facilities,11812329.0,10818858,91.59
Countries,BRA,Brazil,2017,HEPB3,Hepatitis B 3rd Dose,ADMINISTRATIVE,Administrative reports from health facilities,11604332.0,9218748,79.44
Countries,BRA,Brazil,2017,POL3,Polio 3rd Dose,ADMINISTRATIVE,Administrative reports from health facilities,11718638.0,9817508,83.78
Countries,BRA,Brazil,2017,ROTA,Rotavirus Last Dose,ADMINISTRATIVE,Administrative reports from health facilities,11615877.0,10712983,92.23
Countries,BRA,Brazil,2017,IPV1,Inactivated Polio 1st Dose,ADMINISTRATIVE,Administrative reports from health facilities,11695376.0,8743461,74.76
Countries,BRA,Brazil,2017,HPV,Human Papillomavirus Last Dose,ADMINISTRATIVE,Administrative reports from health facilities,11693199.0,9047864,77.38
Countries,BRA,Brazil,2018,MCV1,Measles 1st Dose,OFFICIAL,Official WHO/UNICEF estimate,11854617.0,9518196,80.29
Countries,BRA,Brazil,2018,MCV2,Measles 2nd Dose,OFFICIAL,Official WHO/UNICEF estimate,11510557.0,9011660,78.29
Countries,BRA,Brazil,2018,DTP1,Diphtheria-Tetanus-Pertussis 1st Dose,OFFICIAL,Official WHO/UNICEF estimate,11776902.0,10362456,87.99
Countries,BRA,Brazil,2018,DTP3,Diphtheria-Tetanus-Pertussis 3rd Dose,OFFICIAL,Official WHO/UNICEF estimate,11700859.0,8708625,74.43
Countries,BRA,Brazil,2018,BCG,Bacillus Calmette-Guérin (Tuberculosis),OFFICIAL,Official WHO/UNICEF estimate,11653479.0,10658105,91.46
Countries,BRA,Brazil,2018,HEPB3,Hepatitis B 3rd Dose,OFFICIAL,Official WHO/UNICEF estimate,11989808.0,9475539,79.03
Countries,BRA,Brazil,2018,POL3,Polio 3rd Dose,OFFICIAL,Official WHO/UNICEF estimate,11744958.0,9483594,80.75
Countries,BRA,Brazil,2018,ROTA,Rotavirus Last Dose,OFFICIAL,Official WHO/UNICEF estimate,11534893.0,9530719,82.63
Countries,BRA,Brazil,2018,IPV1,Inactivated Polio 1st Dose,OFFICIAL,Official WHO/UNICEF estimate,11957005.0,10459420,87.5%
Countries,BRA,Brazil,2018,HPV,Human Papillomavirus Last Dose,OFFICIAL,Official WHO/UNICEF estimate,11787266.0,8843929,75.03
Countries,BRA,Brazil,2019,MCV1,Measles 1st Dose,ADMINISTRATIVE,Administrative reports from health facilities,,10674227,91.58
Countries,BRA,Brazil,2019,MCV2,Measles 2nd Dose,ADMINISTRATIVE,Administrative reports from health facilities,11893000.0,8767594,73.72
Countries,BRA,Brazil,2019,DTP1,Diphtheria-Tetanus-Pertussis 1st Dose,ADMINISTRATIVE,Administrative reports from health facilities,11891002.0,10348060,87.02
Countries,BRA,Brazil,2019,DTP3,Diphtheria-Tetanus-Pertussis 3rd Dose,ADMINISTRATIVE,Administrative reports from health facilities,11802604.0,8160386,69.14
Countries,BRA,Brazil,2019,BCG,Bacillus Calmette-Guérin (Tuberculosis),ADMINISTRATIVE,Administrative reports from health facilities,11944973.0,11012920,92.2
Countries,BRA,Brazil,2019,HEPB3,Hepatitis B 3rd Dose,ADMINISTRATIVE,Administrative reports from health facilities,11655030.0,10396070,89.2
Countries,BRA,Brazil,2019,POL3,Polio 3rd Dose,ADMINISTRATIVE,Administrative reports from health facilities,12100926.0,10272572,84.89
Countries,BRA,Brazil,2019,ROTA,Rotavirus Last Dose,ADMINISTRATIVE,Administrative reports from health facilities,12074321.0,10404189,86.17
Countries,BRA,Brazil,2019,IPV1,Inactivated Polio 1st Dose,ADMINISTRATIVE,Administrative reports from health facilities,11913442.0,9653519,81.03
Countries,BRA,Brazil,2019,HPV,Human Papillomavirus Last Dose,ADMINISTRATIVE,Administrative reports from health facilities,11919415.0,9106261,76.4
Countries,BRA,Brazil,2020,MCV1,Measles 1st Dose,OFFICIAL,Official WHO/UNICEF estimate,12292515.0,10164837,82.69
Countries,BRA,Brazil,2020,MCV2,Measles 2nd Dose,OFFICIAL,Official WHO/UNICEF estimate,12261729.0,9059079,73.88
Countries,BRA,Brazil,2020,DTP1,Diphtheria-Tetanus-Pertussis 1st Dose,OFFICIAL,Official WHO/UNICEF estimate,11854372.0,10252716,86.49
Countries,BRA,Brazil,2020,DTP3,Diphtheria-Tetanus-Pertussis 3rd Dose,OFFICIAL,Official WHO/UNICEF estimate,12295211.0,9052344,73.62
Countries,BRA,Brazil,2020,BCG,Bacillus Calmette-Guérin (Tuberculosis),OFFICIAL,Official WHO/UNICEF estimate,11806823.0,10211027,86.48
Countries,BRA,Brazil,2020,HEPB3,Hepatitis B 3rd Dose,OFFICIAL,Official WHO/UNICEF estimate,12017354.0,9308431,77.46
Countries,BRA,Brazil,2020,POL3,Polio 3rd Dose,OFFICIAL,Official WHO/UNICEF estimate,12401788.0,10491251,84.59
Countries,BRA,Brazil,2020,ROTA,Rotavirus Last Dose,OFFICIAL,Official WHO/UNICEF estimate,12087358.0,9248269,76.51
Countries,BRA,Brazil,2020,IPV1,Inactivated Polio 1st Dose,OFFICIAL,Official WHO/UNICEF estimate,11729163.0,9080516,77.42
Countries,BRA,Brazil,2020,HPV,Human Papillomavirus Last Dose,OFFICIAL,Official WHO/UNICEF estimate,12041176.0,8853641,73.53
Countries,BRA,Brazil,2021,MCV1,Measles 1st Dose,ADMINISTRATIVE,Administrative reports from health facilities,12082168.0,10515913,87.04
Countries,BRA,Brazil,2021,MCV2,Measles 2nd Dose,ADMINISTRATIVE,Administrative reports from health facilities,12176157.0,8932969,73.36
Countries,BRA,Brazil,2021,DTP1,Diphtheria-Tetanus-Pertussis 1st Dose,ADMINISTRATIVE,Administrative reports from health facilities,11940445.0,10654634,89.23
Countries,BRA,Brazil,2021,DTP3,Diphtheria-Tetanus-Pertussis 3rd Dose,ADMINISTRATIVE,Administrative reports from health facilities,12278462.0,9259199,75.41
Countries,BRA,Brazil,2021,BCG,Bacillus Calmette-Guérin (Tuberculosis),ADMINISTRATIVE,Administrative reports from health facilities,12124718.0,10602091,87.44
Countries,BRA,Brazil,2021,HEPB3,Hepatitis B 3rd Dose,ADMINISTRATIVE,Administrative reports from health facilities,12099345.0,9675809,79.97
Countries,BRA,Brazil,2021,POL3,Polio 3rd Dose,ADMINISTRATIVE,Administrative reports from health facilities,11792344.0,9481831,80.41
Countries,BRA,Brazil,2021,ROTA,Rotavirus Last Dose,ADMINISTRATIVE,Administrative reports from health facilities,12352914.0,10913976,88.35
Countries,BRA,Brazil,2021,IPV1,Inactivated Polio 1st Dose,ADMINISTRATIVE,Administrative reports from health facilities,12254248.0,10617057,86.64
Countries,BRA,Brazil,2021,HPV,Human Papillomavirus Last Dose,ADMINISTRATIVE,Administrative reports from health facilities,,8570612,70.12
Countries,BRA,Brazil,2022,MCV1,Measles 1st Dose,OFFICIAL,Official WHO/UNICEF estimate,12024929.0,11604007,96.5
Countries,BRA,Brazil,2022,MCV2,Measles 2nd Dose,OFFICIAL,Official WHO/UNICEF estimate,12134953.0,10206458,84.11
Countries,BRA,Brazil,2022,DTP1,Diphtheria-Tetanus-Pertussis 1st Dose,OFFICIAL,Official WHO/UNICEF estimate,12543107.0,12056363,96.12
Countries,BRA,Brazil,2022,DTP3,Diphtheria-Tetanus-Pertussis 3rd Dose,OFFICIAL,Official WHO/UNICEF estimate,12544921.0,10107811,80.6%
Countries,BRA,Brazil,2022,BCG,Bacillus Calmette-Guérin (Tuberculosis),OFFICIAL,Official WHO/UNICEF estimate,11985715.0,10610414,88.53
Countries,BRA,Brazil,2022,HEPB3,Hepatitis B 3rd Dose,OFFICIAL,Official WHO/UNICEF estimate,11770032.0,9973907,84.74
Countries,BRA,Brazil,2022,POL3,Polio 3rd Dose,OFFICIAL,Official WHO/UNICEF estimate,12545441.0,10243857,81.65
Countries,BRA,Brazil,2022,ROTA,Rotavirus Last Dose,OFFICIAL,Official WHO/UNICEF estimate,12102161.0,11095614,91.68
Countries,BRA,Brazil,2022,IPV1,Inactivated Polio 1st Dose,OFFICIAL,Official WHO/UNICEF estimate,12162638.0,11597060,95.35
Countries,BRA,Brazil,2022,HPV,Human Papillomavirus Last Dose,OFFICIAL,Official WHO/UNICEF estimate,12639203.0,10884199,86.11
Countries,BRA,Brazil,2023,MCV1,Measles 1st Dose,ADMINISTRATIVE,Administrative reports from health facilities,12517200.0,11542515,92.21
Countries,BRA,Brazil,2023,MCV2,Measles 2nd Dose,ADMINISTRATIVE,Administrative reports from health facilities,12194680.0,10280805,84.31
Countries,BRA,Brazil,2023,DTP1,Diphtheria-Tetanus-Pertussis 1st Dose,ADMINISTRATIVE,Administrative reports from health facilities,12511323.0,10596155,84.69
Countries,BRA,Brazil,2023,DTP3,Diphtheria-Tetanus-Pertussis 3rd Dose,ADMINISTRATIVE,Administrative reports from health facilities,12306914.0,9531531,77.45
Countries,BRA,Brazil,2023,BCG,Bacillus Calmette-Guérin (Tuberculosis),ADMINISTRATIVE,Administrative reports from health facilities,12462375.0,11847290,95.06
Countries,BRA,Brazil,2023,HEPB3,Hepatitis B 3rd Dose,ADMINISTRATIVE,Administrative reports from health facilities,12393576.0,10804268,87.18
Countries,BRA,Brazil,2023,POL3,Polio 3rd Dose,ADMINISTRATIVE,Administrative reports from health facilities,11913432.0,11031271,92.6
Countries,BRA,Brazil,2023,ROTA,Rotavirus Last Dose,ADMINISTRATIVE,Administrative reports from health facilities,12080005.0,10082227,83.5%
Countries,BRA,Brazil,2023,IPV1,Inactivated Polio 1st Dose,ADMINISTRATIVE,Administrative reports from health facilities,12504883.0,10823323,86.55
Countries,BRA,Brazil,2023,HPV,Human Papillomavirus Last Dose,ADMINISTRATIVE,Administrative reports from health facilities,12293878.0,10328747,84.02
Countries,BRA,Brazil,2024,MCV1,Measles 1st Dose,OFFICIAL,Official WHO/UNICEF estimate,12749223.0,12051535,94.53
Countries,BRA,Brazil,2024,MCV2,Measles 2nd Dose,OFFICIAL,Official WHO/UNICEF estimate,12362982.0,10127742,81.92
Countries,BRA,Brazil,2024,DTP1,Diphtheria-Tetanus-Pertussis 1st Dose,OFFICIAL,Official WHO/UNICEF estimate,12615511.0,12407433,98.35
Countries,BRA,Brazil,2024,DTP3,Diphtheria-Tetanus-Pertussis 3rd Dose,OFFICIAL,Official WHO/UNICEF estimate,12320409.0,10174635,82.58
Countries,BRA,Brazil,2024,BCG,Bacillus Calmette-Guérin (Tuberculosis),OFFICIAL,Official WHO/UNICEF estimate,12250753.0,11244070,91.78
Countries,BRA,Brazil,2024,HEPB3,Hepatitis B 3rd Dose,OFFICIAL,Official WHO/UNICEF estimate,12244121.0,10561658,86.26
Countries,BRA,Brazil,2024,POL3,Polio 3rd Dose,OFFICIAL,Official WHO/UNICEF estimate,12442554.0,10869656,87.36
Countries,BRA,Brazil,2024,ROTA,Rotavirus Last Dose,OFFICIAL,Official WHO/UNICEF estimate,12198662.0,10924603,89.56
Countries,BRA,Brazil,2024,IPV1,Inactivated Polio 1st Dose,OFFICIAL,Official WHO/UNICEF estimate,12464684.0,11226289,90.06
Countries,BRA,Brazil,2024,HPV,Human Papillomavirus Last Dose,OFFICIAL,Official WHO/UNICEF estimate,12313733.0,9951537,80.82
Countries,NGA,Nigeria,2010,MCV1,Measles 1st Dose,OFFICIAL,Official WHO/UNICEF estimate,12707846.0,9375839,73.78
Countries,NGA,Nigeria,2010,MCV2,Measles 2nd Dose,OFFICIAL,Official WHO/UNICEF estimate,13025544.0,7637202,58.63
Countries,NGA,Nigeria,2010,DTP1,Diphtheria-Tetanus-Pertussis 1st Dose,OFFICIAL,Official WHO/UNICEF estimate,12823605.0,8775055,68.43
Countries,NGA,Nigeria,2010,DTP3,Diphtheria-Tetanus-Pertussis 3rd Dose,OFFICIAL,Official WHO/UNICEF estimate,13050915.0,6975012,53.44
Countries,NGA,Nigeria,2010,BCG,Bacillus Calmette-Guérin (Tuberculosis),OFFICIAL,Official WHO/UNICEF estimate,12939153.0,9266703,71.62
Countries,NGA,Nigeria,2010,HEPB3,Hepatitis B 3rd Dose,OFFICIAL,Official WHO/UNICEF estimate,12273249.0,7517059,61.25
Countries,NGA,Nigeria,2010,POL3,Polio 3rd Dose,OFFICIAL,Official WHO/UNICEF estimate,13270488.0,8828584,66.53
Countries,NGA,Nigeria,2010,ROTA,Rotavirus Last Dose,OFFICIAL,Official WHO/UNICEF estimate,13571218.0,9115385,67.17
Countries,NGA,Nigeria,2010,IPV1,Inactivated Polio 1st Dose,OFFICIAL,Official WHO/UNICEF estimate,13393261.0,8619884,64.36
Countries,NGA,Nigeria,2010,HPV,Human Papillomavirus Last Dose,OFFICIAL,Official WHO/UNICEF estimate,12826489.0,7021107,54.74
Countries,NGA,Nigeria,2011,MCV1,Measles 1st Dose,ADMINISTRATIVE,Administrative reports from health facilities,13588732.0,9815052,72.23
Countries,NGA,Nigeria,2011,MCV2,Measles 2nd Dose,ADMINISTRATIVE,Administrative reports from health facilities,12757665.0,7243631,56.78
Countries,NGA,Nigeria,2011,DTP1,Diphtheria-Tetanus-Pertussis 1st Dose,ADMINISTRATIVE,Administrative reports from health facilities,13144892.0,9844325,74.89
Countries,NGA,Nigeria,2011,DTP3,Diphtheria-Tetanus-Pertussis 3rd Dose,ADMINISTRATIVE,Administrative reports from health facilities,12969194.0,7631804,58.85
Countries,NGA,Nigeria,2011,BCG,Bacillus Calmette-Guérin (Tuberculosis),ADMINISTRATIVE,Administrative reports from health facilities,12790230.0,9234091,72.2
Countries,NGA,Nigeria,2011,HEPB3,Hepatitis B 3rd Dose,ADMINISTRATIVE,Administrative reports from health facilities,13446749.0,9729602,72.36
Countries,NGA,Nigeria,2011,POL3,Polio 3rd Dose,ADMINISTRATIVE,Administrative reports from health facilities,13387499.0,8840768,66.04
Countries,NGA,Nigeria,2011,ROTA,Rotavirus Last Dose,ADMINISTRATIVE,Administrative reports from health facilities,13433691.0,8536784,63.55
Countries,NGA,Nigeria,2011,IPV1,Inactivated Polio 1st Dose,ADMINISTRATIVE,Administrative reports from health facilities,13059954.0,8440424,64.63
Countries,NGA,Nigeria,2011,HPV,Human Papillomavirus Last Dose,ADMINISTRATIVE,Administrative reports from health facilities,13275615.0,7229511,54.46
Countries,NGA,Nigeria,2012,MCV1,Measles 1st Dose,OFFICIAL,Official WHO/UNICEF estimate,13663693.0,9931423,72.68
Countries,NGA,Nigeria,2012,MCV2,Measles 2nd Dose,OFFICIAL,Official WHO/UNICEF estimate,13407190.0,7358083,54.88
Countries,NGA,Nigeria,2012,DTP1,Diphtheria-Tetanus-Pertussis 1st Dose,OFFICIAL,Official WHO/UNICEF estimate,13970623.0,10723270,76.76
Countries,NGA,Nigeria,2012,DTP3,Diphtheria-Tetanus-Pertussis 3rd Dose,OFFICIAL,Official WHO/UNICEF estimate,13203463.0,7827058,59.28
Countries,NGA,Nigeria,2012,BCG,Bacillus Calmette-Guérin (Tuberculosis),OFFICIAL,Official WHO/UNICEF estimate,13639026.0,9982350,73.19
Countries,NGA,Nigeria,2012,HEPB3,Hepatitis B 3rd Dose,OFFICIAL,Official WHO/UNICEF estimate,13264752.0,9445816,71.21
Countries,NGA,Nigeria,2012,POL3,Polio 3rd Dose,OFFICIAL,Official WHO/UNICEF estimate,13289571.0,9454131,71.14
Countries,NGA,Nigeria,2012,ROTA,Rotavirus Last Dose,OFFICIAL,Official WHO/UNICEF estimate,13438064.0,9345121,69.54
Countries,NGA,Nigeria,2012,IPV1,Inactivated Polio 1st Dose,OFFICIAL,Official WHO/UNICEF estimate,13055063.0,8515667,65.23
Countries,NGA,Nigeria,2012,HPV,Human Papillomavirus Last Dose,OFFICIAL,Official WHO/UNICEF estimate,13692134.0,8606882,62.86
Countries,NGA,Nigeria,2013,MCV1,Measles 1st Dose,ADMINISTRATIVE,Administrative reports from health facilities,13419573.0,10039592,74.81
Countries,NGA,Nigeria,2013,MCV2,Measles 2nd Dose,ADMINISTRATIVE,Administrative reports from health facilities,13735505.0,7592075,55.27
Countries,NGA,Nigeria,2013,DTP1,Diphtheria-Tetanus-Pertussis 1st Dose,ADMINISTRATIVE,Administrative reports from health facilities,13358385.0,9937503,74.39
Countries,NGA,Nigeria,2013,DTP3,Diphtheria-Tetanus-Pertussis 3rd Dose,ADMINISTRATIVE,Administrative reports from health facilities,13074988.0,8165269,62.45
Countries,NGA,Nigeria,2013,BCG,Bacillus Calmette-Guérin (Tuberculosis),ADMINISTRATIVE,Administrative reports from health facilities,13249195.0,9261033,69.9%
Countries,NGA,Nigeria,2013,HEPB3,Hepatitis B 3rd Dose,ADMINISTRATIVE,Administrative reports from health facilities,13472697.0,9322928,69.2
Countries,NGA,Nigeria,2013,POL3,Polio 3rd Dose,ADMINISTRATIVE,Administrative reports from health facilities,13715176.0,9548714,69.62
Countries,NGA,Nigeria,2013,ROTA,Rotavirus Last Dose,ADMINISTRATIVE,Administrative reports from health facilities,13921174.0,9710576,69.75
Countries,NGA,Nigeria,2013,IPV1,Inactivated Polio 1st Dose,ADMINISTRATIVE,Administrative reports from health facilities,13394498.0,9546899,71.27
Countries,NGA,Nigeria,2013,HPV,Human Papillomavirus Last Dose,ADMINISTRATIVE,Administrative reports from health facilities,13402279.0,7709842,57.53
Countries,NGA,Nigeria,2014,MCV1,Measles 1st Dose,OFFICIAL,Official WHO/UNICEF estimate,13442699.0,10308275,76.68
Countries,NGA,Nigeria,2014,MCV2,Measles 2nd Dose,OFFICIAL,Official WHO/UNICEF estimate,13716653.0,8612115,62.8%
Countries,NGA,Nigeria,2014,DTP1,Diphtheria-Tetanus-Pertussis 1st Dose,OFFICIAL,Official WHO/UNICEF estimate,13839341.0,9815686,70.93
Countries,NGA,Nigeria,2014,DTP3,Diphtheria-Tetanus-Pertussis 3rd Dose,OFFICIAL,Official WHO/UNICEF estimate,14035437.0,8629759,61.49
Countries,NGA,Nigeria,2014,BCG,Bacillus Calmette-Guérin (Tuberculosis),OFFICIAL,Official WHO/UNICEF estimate,13477191.0,9990915,74.13
Countries,NGA,Nigeria,2014,HEPB3,Hepatitis B 3rd Dose,OFFICIAL,Official WHO/UNICEF estimate,13277856.0,8565825,64.51
Countries,NGA,Nigeria,2014,POL3,Polio 3rd Dose,OFFICIAL,Official WHO/UNICEF estimate,14002180.0,10015209,71.53
Countries,NGA,Nigeria,2014,ROTA,Rotavirus Last Dose,OFFICIAL,Official WHO/UNICEF estimate,13512218.0,9165935,67.83
Countries,NGA,Nigeria,2014,IPV1,Inactivated Polio 1st Dose,OFFICIAL,Official WHO/UNICEF estimate,13859127.0,9485904,68.45
Countries,NGA,Nigeria,2014,HPV,Human Papillomavirus Last Dose,OFFICIAL,Official WHO/UNICEF estimate,13618371.0,7756242,56.95
Countries,NGA,Nigeria,2015,MCV1,Measles 1st Dose,ADMINISTRATIVE,Administrative reports from health facilities,13817211.0,10834516,78.41
Countries,NGA,Nigeria,2015,MCV2,Measles 2nd Dose,ADMINISTRATIVE,Administrative reports from health facilities,13863297.0,7144961,51.54
Countries,NGA,Nigeria,2015,DTP1,Diphtheria-Tetanus-Pertussis 1st Dose,ADMINISTRATIVE,Administrative reports from health facilities,14044686.0,10784803,76.79
Countries,NGA,Nigeria,2015,DTP3,Diphtheria-Tetanus-Pertussis 3rd Dose,ADMINISTRATIVE,Administrative reports from health facilities,14029371.0,9349590,66.64
Countries,NGA,Nigeria,2015,BCG,Bacillus Calmette-Guérin (Tuberculosis),ADMINISTRATIVE,Administrative reports from health facilities,13268950.0,9986744,75.26
Countries,NGA,Nigeria,2015,HEPB3,Hepatitis B 3rd Dose,ADMINISTRATIVE,Administrative reports from health facilities,13640724.0,10448562,76.6
Countries,NGA,Nigeria,2015,POL3,Polio 3rd Dose,ADMINISTRATIVE,Administrative reports from health facilities,14128472.0,9770206,69.15
Countries,NGA,Nigeria,2015,ROTA,Rotavirus Last Dose,ADMINISTRATIVE,Administrative reports from health facilities,13342452.0,8859568,66.4
Countries,NGA,Nigeria,2015,IPV1,Inactivated Polio 1st Dose,ADMINISTRATIVE,Administrative reports from health facilities,13506065.0,9116248,67.5
Countries,NGA,Nigeria,2015,HPV,Human Papillomavirus Last Dose,ADMINISTRATIVE,Administrative reports from health facilities,13664912.0,7662994,56.08
Countries,NGA,Nigeria,2016,MCV1,Measles 1st Dose,OFFICIAL,Official WHO/UNICEF estimate,,10223976,76.1%
Countries,NGA,Nigeria,2016,MCV2,Measles 2nd Dose,OFFICIAL,Official WHO/UNICEF estimate,13620841.0,8270270,60.72
Countries,NGA,Nigeria,2016,DTP1,Diphtheria-Tetanus-Pertussis 1st Dose,OFFICIAL,Official WHO/UNICEF estimate,13846913.0,9587172,69.24
Countries,NGA,Nigeria,2016,DTP3,Diphtheria-Tetanus-Pertussis 3rd Dose,OFFICIAL,Official WHO/UNICEF estimate,13620890.0,8519347,62.55
Countries,NGA,Nigeria,2016,BCG,Bacillus Calmette-Guérin (Tuberculosis),OFFICIAL,Official WHO/UNICEF estimate,13822482.0,10997999,79.57
Countries,NGA,Nigeria,2016,HEPB3,Hepatitis B 3rd Dose,OFFICIAL,Official WHO/UNICEF estimate,13422305.0,9035973,67.32
Countries,NGA,Nigeria,2016,POL3,Polio 3rd Dose,OFFICIAL,Official WHO/UNICEF estimate,13949549.0,9867205,70.73
Countries,NGA,Nigeria,2016,ROTA,Rotavirus Last Dose,OFFICIAL,Official WHO/UNICEF estimate,13855194.0,9436673,68.11
Countries,NGA,Nigeria,2016,IPV1,Inactivated Polio 1st Dose,OFFICIAL,Official WHO/UNICEF estimate,14050729.0,10600259,75.44
Countries,NGA,Nigeria,2016,HPV,Human Papillomavirus Last Dose,OFFICIAL,Official WHO/UNICEF estimate,13629445.0,7396515,54.27
Countries,NGA,Nigeria,2017,MCV1,Measles 1st Dose,ADMINISTRATIVE,Administrative reports from health facilities,13967309.0,10634792,76.14
Countries,NGA,Nigeria,2017,MCV2,Measles 2nd Dose,ADMINISTRATIVE,Administrative reports from health facilities,14062486.0,8886125,63.19
Countries,NGA,Nigeria,2017,DTP1,Diphtheria-Tetanus-Pertussis 1st Dose,ADMINISTRATIVE,Administrative reports from health facilities,13952188.0,10639232,76.25
Countries,NGA,Nigeria,2017,DTP3,Diphtheria-Tetanus-Pertussis 3rd Dose,ADMINISTRATIVE,Administrative reports from health facilities,14022126.0,9245625,65.94
Countries,NGA,Nigeria,2017,BCG,Bacillus Calmette-Guérin (Tuberculosis),ADMINISTRATIVE,Administrative reports from health facilities,13975575.0,10145842,72.6%
Countries,NGA,Nigeria,2017,HEPB3,Hepatitis B 3rd Dose,ADMINISTRATIVE,Administrative reports from health facilities,13456682.0,9439878,70.15
Countries,NGA,Nigeria,2017,POL3,Polio 3rd Dose,ADMINISTRATIVE,Administrative reports from health facilities,13679362.0,9734165,71.16
Countries,NGA,Nigeria,2017,ROTA,Rotavirus Last Dose,ADMINISTRATIVE,Administrative reports from health facilities,14058642.0,10402425,73.99
Countries,NGA,Nigeria,2017,IPV1,Inactivated Polio 1st Dose,ADMINISTRATIVE,Administrative reports from health facilities,14186894.0,9423257,66.42
Countries,NGA,Nigeria,2017,HPV,Human Papillomavirus Last Dose,ADMINISTRATIVE,Administrative reports from health facilities,13882088.0,9366748,67.47
Countries,NGA,Nigeria,2018,MCV1,Measles 1st Dose,OFFICIAL,Official WHO/UNICEF estimate,14288997.0,10992513,76.93
Countries,NGA,Nigeria,2018,MCV2,Measles 2nd Dose,OFFICIAL,Official WHO/UNICEF estimate,13644216.0,9273317,67.97
Countries,NGA,Nigeria,2018,DTP1,Diphtheria-Tetanus-Pertussis 1st Dose,OFFICIAL,Official WHO/UNICEF estimate,13970524.0,10279737,73.58
Countries,NGA,Nigeria,2018,DTP3,Diphtheria-Tetanus-Pertussis 3rd Dose,OFFICIAL,Official WHO/UNICEF estimate,14280877.0,8900111,62.32
Countries,NGA,Nigeria,2018,BCG,Bacillus Calmette-Guérin (Tuberculosis),OFFICIAL,Official WHO/UNICEF estimate,14441473.0,11839997,81.99
Countries,NGA,Nigeria,2018,HEPB3,Hepatitis B 3rd Dose,OFFICIAL,Official WHO/UNICEF estimate,13867535.0,9084340,65.51
Countries,NGA,Nigeria,2018,POL3,Polio 3rd Dose,OFFICIAL,Official WHO/UNICEF estimate,13923169.0,9339630,67.08
Countries,NGA,Nigeria,2018,ROTA,Rotavirus Last Dose,OFFICIAL,Official WHO/UNICEF estimate,14188174.0,9728318,68.57
Countries,NGA,Nigeria,2018,IPV1,Inactivated Polio 1st Dose,OFFICIAL,Official WHO/UNICEF estimate,14079297.0,10321813,73.31
Countries,NGA,Nigeria,2018,HPV,Human Papillomavirus Last Dose,OFFICIAL,Official WHO/UNICEF estimate,13981162.0,8820817,63.09
Countries,NGA,Nigeria,2019,MCV1,Measles 1st Dose,ADMINISTRATIVE,Administrative reports from health facilities,14624733.0,11304072,77.29
Countries,NGA,Nigeria,2019,MCV2,Measles 2nd Dose,ADMINISTRATIVE,Administrative reports from health facilities,14120945.0,9410104,66.64
Countries,NGA,Nigeria,2019,DTP1,Diphtheria-Tetanus-Pertussis 1st Dose,ADMINISTRATIVE,Administrative reports from health facilities,14324689.0,11148109,77.82
Countries,NGA,Nigeria,2019,DTP3,Diphtheria-Tetanus-Pertussis 3rd Dose,ADMINISTRATIVE,Administrative reports from health facilities,14245236.0,8550170,60.02
Countries,NGA,Nigeria,2019,BCG,Bacillus Calmette-Guérin (Tuberculosis),ADMINISTRATIVE,Administrative reports from health facilities,14338539.0,11532942,80.43
Countries,NGA,Nigeria,2019,HEPB3,Hepatitis B 3rd Dose,ADMINISTRATIVE,Administrative reports from health facilities,14046118.0,9754011,69.44
Countries,NGA,Nigeria,2019,POL3,Polio 3rd Dose,ADMINISTRATIVE,Administrative reports from health facilities,14402948.0,9401157,65.27
Countries,NGA,Nigeria,2019,ROTA,Rotavirus Last Dose,ADMINISTRATIVE,Administrative reports from health facilities,13968290.0,11099103,79.46
Countries,NGA,Nigeria,2019,IPV1,Inactivated Polio 1st Dose,ADMINISTRATIVE,Administrative reports from health facilities,14718505.0,11193917,76.05
Countries,NGA,Nigeria,2019,HPV,Human Papillomavirus Last Dose,ADMINISTRATIVE,Administrative reports from health facilities,14180350.0,8872845,62.57
Countries,NGA,Nigeria,2020,MCV1,Measles 1st Dose,OFFICIAL,Official WHO/UNICEF estimate,14460245.0,10612097,73.39
Countries,NGA,Nigeria,2020,MCV2,Measles 2nd Dose,OFFICIAL,Official WHO/UNICEF estimate,14236218.0,8481679,59.58
Countries,NGA,Nigeria,2020,DTP1,Diphtheria-Tetanus-Pertussis 1st Dose,OFFICIAL,Official WHO/UNICEF estimate,14241963.0,10635257,74.68
Countries,NGA,Nigeria,2020,DTP3,Diphtheria-Tetanus-Pertussis 3rd Dose,OFFICIAL,Official WHO/UNICEF estimate,14330690.0,8572597,59.82
Countries,NGA,Nigeria,2020,BCG,Bacillus Calmette-Guérin (Tuberculosis),OFFICIAL,Official WHO/UNICEF estimate,14667298.0,9723595,66.29
Countries,NGA,Nigeria,2020,HEPB3,Hepatitis B 3rd Dose,OFFICIAL,Official WHO/UNICEF estimate,14696631.0,9466862,64.42
Countries,NGA,Nigeria,2020,POL3,Polio 3rd Dose,OFFICIAL,Official WHO/UNICEF estimate,14396517.0,10105807,70.2
Countries,NGA,Nigeria,2020,ROTA,Rotavirus Last Dose,OFFICIAL,Official WHO/UNICEF estimate,14506525.0,9911427,68.32
Countries,NGA,Nigeria,2020,IPV1,Inactivated Polio 1st Dose,OFFICIAL,Official WHO/UNICEF estimate,14298883.0,9409997,65.81
Countries,NGA,Nigeria,2020,HPV,Human Papillomavirus Last Dose,OFFICIAL,Official WHO/UNICEF estimate,13571769.0,8221431,60.58
Countries,NGA,Nigeria,2021,MCV1,Measles 1st Dose,ADMINISTRATIVE,Administrative reports from health facilities,14367382.0,10521883,73.23
Countries,NGA,Nigeria,2021,MCV2,Measles 2nd Dose,ADMINISTRATIVE,Administrative reports from health facilities,14574785.0,8248589,56.59
Countries,NGA,Nigeria,2021,DTP1,Diphtheria-Tetanus-Pertussis 1st Dose,ADMINISTRATIVE,Administrative reports from health facilities,14693491.0,10448025,71.11
Countries,NGA,Nigeria,2021,DTP3,Diphtheria-Tetanus-Pertussis 3rd Dose,ADMINISTRATIVE,Administrative reports from health facilities,,9146367,62.64
Countries,NGA,Nigeria,2021,BCG,Bacillus Calmette-Guérin (Tuberculosis),ADMINISTRATIVE,Administrative reports from health facilities,14603233.0,11074775,75.84
Countries,NGA,Nigeria,2021,HEPB3,Hepatitis B 3rd Dose,ADMINISTRATIVE,Administrative reports from health facilities,14665309.0,10280591,70.1
Countries,NGA,Nigeria,2021,POL3,Polio 3rd Dose,ADMINISTRATIVE,Administrative reports from health facilities,14747652.0,10106576,68.53
Countries,NGA,Nigeria,2021,ROTA,Rotavirus Last Dose,ADMINISTRATIVE,Administrative reports from health facilities,14274474.0,9525251,66.73
Countries,NGA,Nigeria,2021,IPV1,Inactivated Polio 1st Dose,ADMINISTRATIVE,Administrative reports from health facilities,14388383.0,9284324,64.53
Countries,NGA,Nigeria,2021,HPV,Human Papillomavirus Last Dose,ADMINISTRATIVE,Administrative reports from health facilities,14524272.0,7650275,52.67
Countries,NGA,Nigeria,2022,MCV1,Measles 1st Dose,OFFICIAL,Official WHO/UNICEF estimate,14843437.0,12306301,82.91
Countries,NGA,Nigeria,2022,MCV2,Measles 2nd Dose,OFFICIAL,Official WHO/UNICEF estimate,14400176.0,8780297,60.97
Countries,NGA,Nigeria,2022,DTP1,Diphtheria-Tetanus-Pertussis 1st Dose,OFFICIAL,Official WHO/UNICEF estimate,14548486.0,12148445,83.5
Countries,NGA,Nigeria,2022,DTP3,Diphtheria-Tetanus-Pertussis 3rd Dose,OFFICIAL,Official WHO/UNICEF estimate,14275945.0,9825271,68.82
Countries,NGA,Nigeria,2022,BCG,Bacillus Calmette-Guérin (Tuberculosis),OFFICIAL,Official WHO/UNICEF estimate,14257811.0,12170796,85.36
Countries,NGA,Nigeria,2022,HEPB3,Hepatitis B 3rd Dose,OFFICIAL,Official WHO/UNICEF estimate,14646945.0,9378688,64.03
Countries,NGA,Nigeria,2022,POL3,Polio 3rd Dose,OFFICIAL,Official WHO/UNICEF estimate,14470848.0,10901440,75.33
Countries,NGA,Nigeria,2022,ROTA,Rotavirus Last Dose,OFFICIAL,Official WHO/UNICEF estimate,14730790.0,11234768,76.27
Countries,NGA,Nigeria,2022,IPV1,Inactivated Polio 1st Dose,OFFICIAL,Official WHO/UNICEF estimate,14466331.0,10990571,75.97
Countries,NGA,Nigeria,2022,HPV,Human Papillomavirus Last Dose,OFFICIAL,Official WHO/UNICEF estimate,14492317.0,9299503,64.17
Countries,NGA,Nigeria,2023,MCV1,Measles 1st Dose,ADMINISTRATIVE,Administrative reports from health facilities,15021613.0,11795200,78.5%
Countries,NGA,Nigeria,2023,MCV2,Measles 2nd Dose,ADMINISTRATIVE,Administrative reports from health facilities,,9785356,66.25
Countries,NGA,Nigeria,2023,DTP1,Diphtheria-Tetanus-Pertussis 1st Dose,ADMINISTRATIVE,Administrative reports from health facilities,14503306.0,12224523,84.29
Countries,NGA,Nigeria,2023,DTP3,Diphtheria-Tetanus-Pertussis 3rd Dose,ADMINISTRATIVE,Administrative reports from health facilities,14515786.0,9099866,62.69
Countries,NGA,Nigeria,2023,BCG,Bacillus Calmette-Guérin (Tuberculosis),ADMINISTRATIVE,Administrative reports from health facilities,14779832.0,12166604,82.32
Countries,NGA,Nigeria,2023,HEPB3,Hepatitis B 3rd Dose,ADMINISTRATIVE,Administrative reports from health facilities,14702455.0,11286578,76.77
Countries,NGA,Nigeria,2023,POL3,Polio 3rd Dose,ADMINISTRATIVE,Administrative reports from health facilities,14694358.0,9825256,66.86
Countries,NGA,Nigeria,2023,ROTA,Rotavirus Last Dose,ADMINISTRATIVE,Administrative reports from health facilities,15051619.0,11857498,78.78
Countries,NGA,Nigeria,2023,IPV1,Inactivated Polio 1st Dose,ADMINISTRATIVE,Administrative reports from health facilities,14780804.0,11190591,75.71
Countries,NGA,Nigeria,2023,HPV,Human Papillomavirus Last Dose,ADMINISTRATIVE,Administrative reports from health facilities,15043213.0,10463336,69.6%
Countries,NGA,Nigeria,2024,MCV1,Measles 1st Dose,OFFICIAL,Official WHO/UNICEF estimate,15016445.0,12343795,82.2
Countries,NGA,Nigeria,2024,MCV2,Measles 2nd Dose,OFFICIAL,Official WHO/UNICEF estimate,14541477.0,9637090,66.27
Countries,NGA,Nigeria,2024,DTP1,Diphtheria-Tetanus-Pertussis 1st Dose,OFFICIAL,Official WHO/UNICEF estimate,15238366.0,12284200,80.61
Countries,NGA,Nigeria,2024,DTP3,Diphtheria-Tetanus-Pertussis 3rd Dose,OFFICIAL,Official WHO/UNICEF estimate,14562822.0,10248982,70.38
Countries,NGA,Nigeria,2024,BCG,Bacillus Calmette-Guérin (Tuberculosis),OFFICIAL,Official WHO/UNICEF estimate,14580283.0,12327145,84.55
Countries,NGA,Nigeria,2024,HEPB3,Hepatitis B 3rd Dose,OFFICIAL,Official WHO/UNICEF estimate,14624551.0,11336576,77.52
Countries,NGA,Nigeria,2024,POL3,Polio 3rd Dose,OFFICIAL,Official WHO/UNICEF estimate,15287952.0,11012990,72.04
Countries,NGA,Nigeria,2024,ROTA,Rotavirus Last Dose,OFFICIAL,Official WHO/UNICEF estimate,15016962.0,11270205,75.05
Countries,NGA,Nigeria,2024,IPV1,Inactivated Polio 1st Dose,OFFICIAL,Official WHO/UNICEF estimate,14598446.0,11144923,76.34
Countries,NGA,Nigeria,2024,HPV,Human Papillomavirus Last Dose,OFFICIAL,Official WHO/UNICEF estimate,14600489.0,9840715,67.4
Countries,DEU,Germany,2010,MCV1,Measles 1st Dose,OFFICIAL,Official WHO/UNICEF estimate,6017900.0,5849343,97.2
Countries,DEU,Germany,2010,MCV2,Measles 2nd Dose,OFFICIAL,Official WHO/UNICEF estimate,6066672.0,5153126,84.94
Countries,DEU,Germany,2010,DTP1,Diphtheria-Tetanus-Pertussis 1st Dose,OFFICIAL,Official WHO/UNICEF estimate,6093029.0,5633194,92.45
Countries,DEU,Germany,2010,DTP3,Diphtheria-Tetanus-Pertussis 3rd Dose,OFFICIAL,Official WHO/UNICEF estimate,6049409.0,4798937,79.33
Countries,DEU,Germany,2010,BCG,Bacillus Calmette-Guérin (Tuberculosis),OFFICIAL,Official WHO/UNICEF estimate,6045297.0,5283143,87.39
Countries,DEU,Germany,2010,HEPB3,Hepatitis B 3rd Dose,OFFICIAL,Official WHO/UNICEF estimate,5983789.0,5397407,90.2
Countries,DEU,Germany,2010,POL3,Polio 3rd Dose,OFFICIAL,Official WHO/UNICEF estimate,6378558.0,5745076,90.07
Countries,DEU,Germany,2010,ROTA,Rotavirus Last Dose,OFFICIAL,Official WHO/UNICEF estimate,6156309.0,5689461,92.42
Countries,DEU,Germany,2010,IPV1,Inactivated Polio 1st Dose,OFFICIAL,Official WHO/UNICEF estimate,6085489.0,5254727,86.35
Countries,DEU,Germany,2010,HPV,Human Papillomavirus Last Dose,OFFICIAL,Official WHO/UNICEF estimate,6212255.0,5002447,80.53
Countries,DEU,Germany,2011,MCV1,Measles 1st Dose,ADMINISTRATIVE,Administrative reports from health facilities,6413098.0,6270201,97.77
Countries,DEU,Germany,2011,MCV2,Measles 2nd Dose,ADMINISTRATIVE,Administrative reports from health facilities,6248723.0,5514030,88.24
Countries,DEU,Germany,2011,DTP1,Diphtheria-Tetanus-Pertussis 1st Dose,ADMINISTRATIVE,Administrative reports from health facilities,6272858.0,5799387,92.45
Countries,DEU,Germany,2011,DTP3,Diphtheria-Tetanus-Pertussis 3rd Dose,ADMINISTRATIVE,Administrative reports from health facilities,6080352.0,4670926,76.82
Countries,DEU,Germany,2011,BCG,Bacillus Calmette-Guérin (Tuberculosis),ADMINISTRATIVE,Administrative reports from health facilities,6259098.0,6179608,98.73
Countries,DEU,Germany,2011,HEPB3,Hepatitis B 3rd Dose,ADMINISTRATIVE,Administrative reports from health facilities,6409691.0,5759341,89.85
Countries,DEU,Germany,2011,POL3,Polio 3rd Dose,ADMINISTRATIVE,Administrative reports from health facilities,6219954.0,5621198,90.37
Countries,DEU,Germany,2011,ROTA,Rotavirus Last Dose,ADMINISTRATIVE,Administrative reports from health facilities,6128878.0,5420834,88.45
Countries,DEU,Germany,2011,IPV1,Inactivated Polio 1st Dose,ADMINISTRATIVE,Administrative reports from health facilities,6177463.0,5584096,90.39
Countries,DEU,Germany,2011,HPV,Human Papillomavirus Last Dose,ADMINISTRATIVE,Administrative reports from health facilities,6219117.0,4740428,76.22
Countries,DEU,Germany,2012,MCV1,Measles 1st Dose,OFFICIAL,Official WHO/UNICEF estimate,6394751.0,6100488,95.4
Countries,DEU,Germany,2012,MCV2,Measles 2nd Dose,OFFICIAL,Official WHO/UNICEF estimate,6330342.0,4639201,73.29
Countries,DEU,Germany,2012,DTP1,Diphtheria-Tetanus-Pertussis 1st Dose,OFFICIAL,Official WHO/UNICEF estimate,6536464.0,6242125,95.5
Countries,DEU,Germany,2012,DTP3,Diphtheria-Tetanus-Pertussis 3rd Dose,OFFICIAL,Official WHO/UNICEF estimate,6271809.0,4786398,76.32
Countries,DEU,Germany,2012,BCG,Bacillus Calmette-Guérin (Tuberculosis),OFFICIAL,Official WHO/UNICEF estimate,,5804991,93.8%
Countries,DEU,Germany,2012,HEPB3,Hepatitis B 3rd Dose,OFFICIAL,Official WHO/UNICEF estimate,6350111.0,5808636,91.47
Countries,DEU,Germany,2012,POL3,Polio 3rd Dose,OFFICIAL,Official WHO/UNICEF estimate,6242014.0,5707755,91.44
Countries,DEU,Germany,2012,ROTA,Rotavirus Last Dose,OFFICIAL,Official WHO/UNICEF estimate,6321818.0,5754548,91.03
Countries,DEU,Germany,2012,IPV1,Inactivated Polio 1st Dose,OFFICIAL,Official WHO/UNICEF estimate,6229885.0,5905964,94.8
Countries,DEU,Germany,2012,HPV,Human Papillomavirus Last Dose,OFFICIAL,Official WHO/UNICEF estimate,6386338.0,5279652,82.67
Countries,DEU,Germany,2013,MCV1,Measles 1st Dose,ADMINISTRATIVE,Administrative reports from health facilities,6058605.0,5998018,99.0
Countries,DEU,Germany,2013,MCV2,Measles 2nd Dose,ADMINISTRATIVE,Administrative reports from health facilities,6375779.0,5144308,80.69
Countries,DEU,Germany,2013,DTP1,Diphtheria-Tetanus-Pertussis 1st Dose,ADMINISTRATIVE,Administrative reports from health facilities,6217921.0,5810242,93.44
Countries,DEU,Germany,2013,DTP3,Diphtheria-Tetanus-Pertussis 3rd Dose,ADMINISTRATIVE,Administrative reports from health facilities,6393743.0,5266832,82.37
Countries,DEU,Germany,2013,BCG,Bacillus Calmette-Guérin (Tuberculosis),ADMINISTRATIVE,Administrative reports from health facilities,6347970.0,5957013,93.8%
Countries,DEU,Germany,2013,HEPB3,Hepatitis B 3rd Dose,ADMINISTRATIVE,Administrative reports from health facilities,6266449.0,5290986,84.43
Countries,DEU,Germany,2013,POL3,Polio 3rd Dose,ADMINISTRATIVE,Administrative reports from health facilities,6083203.0,5764224,94.76
Countries,DEU,Germany,2013,ROTA,Rotavirus Last Dose,ADMINISTRATIVE,Administrative reports from health facilities,6398957.0,5893764,92.11
Countries,DEU,Germany,2013,IPV1,Inactivated Polio 1st Dose,ADMINISTRATIVE,Administrative reports from health facilities,6212172.0,5711780,91.94
Countries,DEU,Germany,2013,HPV,Human Papillomavirus Last Dose,ADMINISTRATIVE,Administrative reports from health facilities,6527105.0,5490684,84.12
Countries,DEU,Germany,2014,MCV1,Measles 1st Dose,OFFICIAL,Official WHO/UNICEF estimate,6400897.0,6180948,96.56
Countries,DEU,Germany,2014,MCV2,Measles 2nd Dose,OFFICIAL,Official WHO/UNICEF estimate,6514969.0,5348408,82.09
Countries,DEU,Germany,2014,DTP1,Diphtheria-Tetanus-Pertussis 1st Dose,OFFICIAL,Official WHO/UNICEF estimate,6500249.0,6343840,97.59
Countries,DEU,Germany,2014,DTP3,Diphtheria-Tetanus-Pertussis 3rd Dose,OFFICIAL,Official WHO/UNICEF estimate,6180263.0,5303367,85.8%
Countries,DEU,Germany,2014,BCG,Bacillus Calmette-Guérin (Tuberculosis),OFFICIAL,Official WHO/UNICEF estimate,6265378.0,5781681,92.28
Countries,DEU,Germany,2014,HEPB3,Hepatitis B 3rd Dose,OFFICIAL,Official WHO/UNICEF estimate,6528495.0,5804788,88.91
Countries,DEU,Germany,2014,POL3,Polio 3rd Dose,OFFICIAL,Official WHO/UNICEF estimate,6373643.0,5677913,89.08
Countries,DEU,Germany,2014,ROTA,Rotavirus Last Dose,OFFICIAL,Official WHO/UNICEF estimate,6108795.0,5774985,94.54
Countries,DEU,Germany,2014,IPV1,Inactivated Polio 1st Dose,OFFICIAL,Official WHO/UNICEF estimate,6311869.0,5718088,90.59
Countries,DEU,Germany,2014,HPV,Human Papillomavirus Last Dose,OFFICIAL,Official WHO/UNICEF estimate,6359691.0,5512735,86.68
Countries,DEU,Germany,2015,MCV1,Measles 1st Dose,ADMINISTRATIVE,Administrative reports from health facilities,6329666.0,6266369,99.0
Countries,DEU,Germany,2015,MCV2,Measles 2nd Dose,ADMINISTRATIVE,Administrative reports from health facilities,6612346.0,5691172,86.07
Countries,DEU,Germany,2015,DTP1,Diphtheria-Tetanus-Pertussis 1st Dose,ADMINISTRATIVE,Administrative reports from health facilities,6327671.0,6011996,95.01
Countries,DEU,Germany,2015,DTP3,Diphtheria-Tetanus-Pertussis 3rd Dose,ADMINISTRATIVE,Administrative reports from health facilities,6348821.0,5489747,86.47
Countries,DEU,Germany,2015,BCG,Bacillus Calmette-Guérin (Tuberculosis),ADMINISTRATIVE,Administrative reports from health facilities,6220206.0,5814962,93.49
Countries,DEU,Germany,2015,HEPB3,Hepatitis B 3rd Dose,ADMINISTRATIVE,Administrative reports from health facilities,6226370.0,5757300,92.47
Countries,DEU,Germany,2015,POL3,Polio 3rd Dose,ADMINISTRATIVE,Administrative reports from health facilities,6404929.0,5390237,84.16
Countries,DEU,Germany,2015,ROTA,Rotavirus Last Dose,ADMINISTRATIVE,Administrative reports from health facilities,6311012.0,5844126,92.6
Countries,DEU,Germany,2015,IPV1,Inactivated Polio 1st Dose,ADMINISTRATIVE,Administrative reports from health facilities,6418767.0,5634382,87.78
Countries,DEU,Germany,2015,HPV,Human Papillomavirus Last Dose,ADMINISTRATIVE,Administrative reports from health facilities,6468011.0,5371001,83.04
Countries,DEU,Germany,2016,MCV1,Measles 1st Dose,OFFICIAL,Official WHO/UNICEF estimate,6493989.0,6369484,98.08
Countries,DEU,Germany,2016,MCV2,Measles 2nd Dose,OFFICIAL,Official WHO/UNICEF estimate,6365663.0,5541077,87.05
Countries,DEU,Germany,2016,DTP1,Diphtheria-Tetanus-Pertussis 1st Dose,OFFICIAL,Official WHO/UNICEF estimate,6642316.0,6575892,99.0
Countries,DEU,Germany,2016,DTP3,Diphtheria-Tetanus-Pertussis 3rd Dose,OFFICIAL,Official WHO/UNICEF estimate,6261227.0,5269438,84.16
Countries,DEU,Germany,2016,BCG,Bacillus Calmette-Guérin (Tuberculosis),OFFICIAL,Official WHO/UNICEF estimate,6539103.0,6369280,97.4
Countries,DEU,Germany,2016,HEPB3,Hepatitis B 3rd Dose,OFFICIAL,Official WHO/UNICEF estimate,6860969.0,6379927,92.99
Countries,DEU,Germany,2016,POL3,Polio 3rd Dose,OFFICIAL,Official WHO/UNICEF estimate,6667909.0,5643389,84.64
Countries,DEU,Germany,2016,ROTA,Rotavirus Last Dose,OFFICIAL,Official WHO/UNICEF estimate,6465148.0,6094818,94.27
Countries,DEU,Germany,2016,IPV1,Inactivated Polio 1st Dose,OFFICIAL,Official WHO/UNICEF estimate,6626832.0,5804307,87.59
Countries,DEU,Germany,2016,HPV,Human Papillomavirus Last Dose,OFFICIAL,Official WHO/UNICEF estimate,6444604.0,5418750,84.08
Countries,DEU,Germany,2017,MCV1,Measles 1st Dose,ADMINISTRATIVE,Administrative reports from health facilities,6576156.0,6510394,99.0
Countries,DEU,Germany,2017,MCV2,Measles 2nd Dose,ADMINISTRATIVE,Administrative reports from health facilities,6510334.0,5293287,81.31
Countries,DEU,Germany,2017,DTP1,Diphtheria-Tetanus-Pertussis 1st Dose,ADMINISTRATIVE,Administrative reports from health facilities,6540909.0,6475499,99.0
Countries,DEU,Germany,2017,DTP3,Diphtheria-Tetanus-Pertussis 3rd Dose,ADMINISTRATIVE,Administrative reports from health facilities,6535028.0,5439908,83.24
Countries,DEU,Germany,2017,BCG,Bacillus Calmette-Guérin (Tuberculosis),ADMINISTRATIVE,Administrative reports from health facilities,6558688.0,6493101,99.0
Countries,DEU,Germany,2017,HEPB3,Hepatitis B 3rd Dose,ADMINISTRATIVE,Administrative reports from health facilities,6519446.0,6162404,94.52
Countries,DEU,Germany,2017,POL3,Polio 3rd Dose,ADMINISTRATIVE,Administrative reports from health facilities,6530870.0,6106656,93.5
Countries,DEU,Germany,2017,ROTA,Rotavirus Last Dose,ADMINISTRATIVE,Administrative reports from health facilities,6568410.0,6237269,94.96
Countries,DEU,Germany,2017,IPV1,Inactivated Polio 1st Dose,ADMINISTRATIVE,Administrative reports from health facilities,6609602.0,5875032,88.89
Countries,DEU,Germany,2017,HPV,Human Papillomavirus Last Dose,ADMINISTRATIVE,Administrative reports from health facilities,6864716.0,5970042,86.97
Countries,DEU,Germany,2018,MCV1,Measles 1st Dose,OFFICIAL,Official WHO/UNICEF estimate,6685026.0,6618175,99.0
Countries,DEU,Germany,2018,MCV2,Measles 2nd Dose,OFFICIAL,Official WHO/UNICEF estimate,6536289.0,5620672,85.99
Countries,DEU,Germany,2018,DTP1,Diphtheria-Tetanus-Pertussis 1st Dose,OFFICIAL,Official WHO/UNICEF estimate,6517541.0,6452365,99.0
Countries,DEU,Germany,2018,DTP3,Diphtheria-Tetanus-Pertussis 3rd Dose,OFFICIAL,Official WHO/UNICEF estimate,6378879.0,5736320,89.93
Countries,DEU,Germany,2018,BCG,Bacillus Calmette-Guérin (Tuberculosis),OFFICIAL,Official WHO/UNICEF estimate,,6865287,99.0
Countries,DEU,Germany,2018,HEPB3,Hepatitis B 3rd Dose,OFFICIAL,Official WHO/UNICEF estimate,6505069.0,6440018,99.0
Countries,DEU,Germany,2018,POL3,Polio 3rd Dose,OFFICIAL,Official WHO/UNICEF estimate,6800484.0,6075837,89.34
Countries,DEU,Germany,2018,ROTA,Rotavirus Last Dose,OFFICIAL,Official WHO/UNICEF estimate,6605018.0,6378747,96.57
Countries,DEU,Germany,2018,IPV1,Inactivated Polio 1st Dose,OFFICIAL,Official WHO/UNICEF estimate,6515255.0,6315129,96.93
Countries,DEU,Germany,2018,HPV,Human Papillomavirus Last Dose,OFFICIAL,Official WHO/UNICEF estimate,6487880.0,5752286,88.66
Countries,DEU,Germany,2019,MCV1,Measles 1st Dose,ADMINISTRATIVE,Administrative reports from health facilities,6646738.0,6580270,99.0
Countries,DEU,Germany,2019,MCV2,Measles 2nd Dose,ADMINISTRATIVE,Administrative reports from health facilities,6722797.0,5923665,88.11
Countries,DEU,Germany,2019,DTP1,Diphtheria-Tetanus-Pertussis 1st Dose,ADMINISTRATIVE,Administrative reports from health facilities,6752567.0,6685041,99.0
Countries,DEU,Germany,2019,DTP3,Diphtheria-Tetanus-Pertussis 3rd Dose,ADMINISTRATIVE,Administrative reports from health facilities,6749216.0,6135589,90.91
Countries,DEU,Germany,2019,BCG,Bacillus Calmette-Guérin (Tuberculosis),ADMINISTRATIVE,Administrative reports from health facilities,6656636.0,6590069,99.0%
Countries,DEU,Germany,2019,HEPB3,Hepatitis B 3rd Dose,ADMINISTRATIVE,Administrative reports from health facilities,6771951.0,6388517,94.34
Countries,DEU,Germany,2019,POL3,Polio 3rd Dose,ADMINISTRATIVE,Administrative reports from health facilities,6886836.0,6817967,99.0
Countries,DEU,Germany,2019,ROTA,Rotavirus Last Dose,ADMINISTRATIVE,Administrative reports from health facilities,6795852.0,6405282,94.25
Countries,DEU,Germany,2019,IPV1,Inactivated Polio 1st Dose,ADMINISTRATIVE,Administrative reports from health facilities,6849020.0,6406598,93.54
Countries,DEU,Germany,2019,HPV,Human Papillomavirus Last Dose,ADMINISTRATIVE,Administrative reports from health facilities,6866667.0,5893136,85.82
Countries,DEU,Germany,2020,MCV1,Measles 1st Dose,OFFICIAL,Official WHO/UNICEF estimate,6699983.0,6598602,98.49
Countries,DEU,Germany,2020,MCV2,Measles 2nd Dose,OFFICIAL,Official WHO/UNICEF estimate,6718601.0,5710653,85.0
Countries,DEU,Germany,2020,DTP1,Diphtheria-Tetanus-Pertussis 1st Dose,OFFICIAL,Official WHO/UNICEF estimate,6741197.0,6673785,99.0
Countries,DEU,Germany,2020,DTP3,Diphtheria-Tetanus-Pertussis 3rd Dose,OFFICIAL,Official WHO/UNICEF estimate,6416211.0,5229815,81.51
Countries,DEU,Germany,2020,BCG,Bacillus Calmette-Guérin (Tuberculosis),OFFICIAL,Official WHO/UNICEF estimate,6586495.0,6381536,96.89
Countries,DEU,Germany,2020,HEPB3,Hepatitis B 3rd Dose,OFFICIAL,Official WHO/UNICEF estimate,6624202.0,6155621,92.9%
Countries,DEU,Germany,2020,POL3,Polio 3rd Dose,OFFICIAL,Official WHO/UNICEF estimate,6758149.0,6400443,94.71
Countries,DEU,Germany,2020,ROTA,Rotavirus Last Dose,OFFICIAL,Official WHO/UNICEF estimate,6814730.0,6292116,92.33
Countries,DEU,Germany,2020,IPV1,Inactivated Polio 1st Dose,OFFICIAL,Official WHO/UNICEF estimate,6504075.0,6246751,96.04
Countries,DEU,Germany,2020,HPV,Human Papillomavirus Last Dose,OFFICIAL,Official WHO/UNICEF estimate,6817545.0,5438722,79.78
Countries,DEU,Germany,2021,MCV1,Measles 1st Dose,ADMINISTRATIVE,Administrative reports from health facilities,6986804.0,6389323,91.45
Countries,DEU,Germany,2021,MCV2,Measles 2nd Dose,ADMINISTRATIVE,Administrative reports from health facilities,6773853.0,5726116,84.53
Countries,DEU,Germany,2021,DTP1,Diphtheria-Tetanus-Pertussis 1st Dose,ADMINISTRATIVE,Administrative reports from health facilities,6544446.0,6372910,97.38
Countries,DEU,Germany,2021,DTP3,Diphtheria-Tetanus-Pertussis 3rd Dose,ADMINISTRATIVE,Administrative reports from health facilities,,5277445,80.52
Countries,DEU,Germany,2021,BCG,Bacillus Calmette-Guérin (Tuberculosis),ADMINISTRATIVE,Administrative reports from health facilities,6583758.0,6255537,95.01
Countries,DEU,Germany,2021,HEPB3,Hepatitis B 3rd Dose,ADMINISTRATIVE,Administrative reports from health facilities,6513422.0,5830964,89.52
Countries,DEU,Germany,2021,POL3,Polio 3rd Dose,ADMINISTRATIVE,Administrative reports from health facilities,6946527.0,6296652,90.64
Countries,DEU,Germany,2021,ROTA,Rotavirus Last Dose,ADMINISTRATIVE,Administrative reports from health facilities,6876627.0,5713470,83.09
Countries,DEU,Germany,2021,IPV1,Inactivated Polio 1st Dose,ADMINISTRATIVE,Administrative reports from health facilities,7034024.0,6627182,94.22
Countries,DEU,Germany,2021,HPV,Human Papillomavirus Last Dose,ADMINISTRATIVE,Administrative reports from health facilities,6746493.0,5340252,79.16
Countries,DEU,Germany,2022,MCV1,Measles 1st Dose,OFFICIAL,Official WHO/UNICEF estimate,6773460.0,6705725,99.0
Countries,DEU,Germany,2022,MCV2,Measles 2nd Dose,OFFICIAL,Official WHO/UNICEF estimate,6808642.0,6457542,94.84
Countries,DEU,Germany,2022,DTP1,Diphtheria-Tetanus-Pertussis 1st Dose,OFFICIAL,Official WHO/UNICEF estimate,6806851.0,6738782,99.0
Countries,DEU,Germany,2022,DTP3,Diphtheria-Tetanus-Pertussis 3rd Dose,OFFICIAL,Official WHO/UNICEF estimate,7040226.0,6859084,97.4%
Countries,DEU,Germany,2022,BCG,Bacillus Calmette-Guérin (Tuberculosis),OFFICIAL,Official WHO/UNICEF estimate,7107331.0,7036257,99.0
Countries,DEU,Germany,2022,HEPB3,Hepatitis B 3rd Dose,OFFICIAL,Official WHO/UNICEF estimate,6919177.0,6755580,97.64
Countries,DEU,Germany,2022,POL3,Polio 3rd Dose,OFFICIAL,Official WHO/UNICEF estimate,6958209.0,6888626,99.0
Countries,DEU,Germany,2022,ROTA,Rotavirus Last Dose,OFFICIAL,Official WHO/UNICEF estimate,6909659.0,6840562,99.0
Countries,DEU,Germany,2022,IPV1,Inactivated Polio 1st Dose,OFFICIAL,Official WHO/UNICEF estimate,6915037.0,6685530,96.68
Countries,DEU,Germany,2022,HPV,Human Papillomavirus Last Dose,OFFICIAL,Official WHO/UNICEF estimate,7002059.0,6498188,92.8
Countries,DEU,Germany,2023,MCV1,Measles 1st Dose,ADMINISTRATIVE,Administrative reports from health facilities,6973029.0,6903298,99.0
Countries,DEU,Germany,2023,MCV2,Measles 2nd Dose,ADMINISTRATIVE,Administrative reports from health facilities,7314725.0,6879840,94.05
Countries,DEU,Germany,2023,DTP1,Diphtheria-Tetanus-Pertussis 1st Dose,ADMINISTRATIVE,Administrative reports from health facilities,6930428.0,6861123,99.0
Countries,DEU,Germany,2023,DTP3,Diphtheria-Tetanus-Pertussis 3rd Dose,ADMINISTRATIVE,Administrative reports from health facilities,6921016.0,5932448,85.72
Countries,DEU,Germany,2023,BCG,Bacillus Calmette-Guérin (Tuberculosis),ADMINISTRATIVE,Administrative reports from health facilities,6935902.0,6866542,99.0
Countries,DEU,Germany,2023,HEPB3,Hepatitis B 3rd Dose,ADMINISTRATIVE,Administrative reports from health facilities,6920230.0,6627655,95.77
Countries,DEU,Germany,2023,POL3,Polio 3rd Dose,ADMINISTRATIVE,Administrative reports from health facilities,7110476.0,6776436,95.3
Countries,DEU,Germany,2023,ROTA,Rotavirus Last Dose,ADMINISTRATIVE,Administrative reports from health facilities,6906780.0,6837712,99.0
Countries,DEU,Germany,2023,IPV1,Inactivated Polio 1st Dose,ADMINISTRATIVE,Administrative reports from health facilities,7060777.0,6851539,97.04
Countries,DEU,Germany,2023,HPV,Human Papillomavirus Last Dose,ADMINISTRATIVE,Administrative reports from health facilities,7154957.0,6052257,84.59
Countries,DEU,Germany,2024,MCV1,Measles 1st Dose,OFFICIAL,Official WHO/UNICEF estimate,,6785921,99.0
Countries,DEU,Germany,2024,MCV2,Measles 2nd Dose,OFFICIAL,Official WHO/UNICEF estimate,6880431.0,6435974,93.54
Countries,DEU,Germany,2024,DTP1,Diphtheria-Tetanus-Pertussis 1st Dose,OFFICIAL,Official WHO/UNICEF estimate,6795557.0,6727601,99.0
Countries,DEU,Germany,2024,DTP3,Diphtheria-Tetanus-Pertussis 3rd Dose,OFFICIAL,Official WHO/UNICEF estimate,7237177.0,6280728,86.78
Countries,DEU,Germany,2024,BCG,Bacillus Calmette-Guérin (Tuberculosis),OFFICIAL,Official WHO/UNICEF estimate,7024496.0,6954251,99.0
Countries,DEU,Germany,2024,HEPB3,Hepatitis B 3rd Dose,OFFICIAL,Official WHO/UNICEF estimate,7177749.0,6918079,96.38
Countries,DEU,Germany,2024,POL3,Polio 3rd Dose,OFFICIAL,Official WHO/UNICEF estimate,7028065.0,6957784,99.0
Countries,DEU,Germany,2024,ROTA,Rotavirus Last Dose,OFFICIAL,Official WHO/UNICEF estimate,7190467.0,7118562,99.0
Countries,DEU,Germany,2024,IPV1,Inactivated Polio 1st Dose,OFFICIAL,Official WHO/UNICEF estimate,6738639.0,6255893,92.84
Countries,DEU,Germany,2024,HPV,Human Papillomavirus Last Dose,OFFICIAL,Official WHO/UNICEF estimate,7289930.0,7064477,96.91
Countries,CHN,China,2010,MCV1,Measles 1st Dose,OFFICIAL,Official WHO/UNICEF estimate,18277544.0,16183115,88.54
Countries,CHN,China,2010,MCV2,Measles 2nd Dose,OFFICIAL,Official WHO/UNICEF estimate,18416981.0,13561874,73.64
Countries,CHN,China,2010,DTP1,Diphtheria-Tetanus-Pertussis 1st Dose,OFFICIAL,Official WHO/UNICEF estimate,18713004.0,15616418,83.45
Countries,CHN,China,2010,DTP3,Diphtheria-Tetanus-Pertussis 3rd Dose,OFFICIAL,Official WHO/UNICEF estimate,18533572.0,13453069,72.59
Countries,CHN,China,2010,BCG,Bacillus Calmette-Guérin (Tuberculosis),OFFICIAL,Official WHO/UNICEF estimate,18141235.0,14159259,78.05
Countries,CHN,China,2010,HEPB3,Hepatitis B 3rd Dose,OFFICIAL,Official WHO/UNICEF estimate,18641113.0,14830755,79.56
Countries,CHN,China,2010,POL3,Polio 3rd Dose,OFFICIAL,Official WHO/UNICEF estimate,18118195.0,13271146,73.25
Countries,CHN,China,2010,ROTA,Rotavirus Last Dose,OFFICIAL,Official WHO/UNICEF estimate,17972107.0,15211336,84.64
Countries,CHN,China,2010,IPV1,Inactivated Polio 1st Dose,OFFICIAL,Official WHO/UNICEF estimate,18562264.0,14863166,80.07
Countries,CHN,China,2010,HPV,Human Papillomavirus Last Dose,OFFICIAL,Official WHO/UNICEF estimate,18615820.0,13423613,72.1%
Countries,CHN,China,2011,MCV1,Measles 1st Dose,ADMINISTRATIVE,Administrative reports from health facilities,18651052.0,14668366,78.65
Countries,CHN,China,2011,MCV2,Measles 2nd Dose,ADMINISTRATIVE,Administrative reports from health facilities,18404747.0,12907642,70.13
Countries,CHN,China,2011,DTP1,Diphtheria-Tetanus-Pertussis 1st Dose,ADMINISTRATIVE,Administrative reports from health facilities,18594779.0,15924301,85.64
Countries,CHN,China,2011,DTP3,Diphtheria-Tetanus-Pertussis 3rd Dose,ADMINISTRATIVE,Administrative reports from health facilities,18419953.0,12909407,70.08
Countries,CHN,China,2011,BCG,Bacillus Calmette-Guérin (Tuberculosis),ADMINISTRATIVE,Administrative reports from health facilities,17880227.0,14128368,79.02
Countries,CHN,China,2011,HEPB3,Hepatitis B 3rd Dose,ADMINISTRATIVE,Administrative reports from health facilities,18844844.0,15432956,81.89
Countries,CHN,China,2011,POL3,Polio 3rd Dose,ADMINISTRATIVE,Administrative reports from health facilities,18490741.0,15253211,82.49
Countries,CHN,China,2011,ROTA,Rotavirus Last Dose,ADMINISTRATIVE,Administrative reports from health facilities,18910980.0,15905895,84.11
Countries,CHN,China,2011,IPV1,Inactivated Polio 1st Dose,ADMINISTRATIVE,Administrative reports from health facilities,18411453.0,15243393,82.79
Countries,CHN,China,2011,HPV,Human Papillomavirus Last Dose,ADMINISTRATIVE,Administrative reports from health facilities,18420325.0,13463548,73.09
Countries,CHN,China,2012,MCV1,Measles 1st Dose,OFFICIAL,Official WHO/UNICEF estimate,18838493.0,16258974,86.31
Countries,CHN,China,2012,MCV2,Measles 2nd Dose,OFFICIAL,Official WHO/UNICEF estimate,18730019.0,14465074,77.23
Countries,CHN,China,2012,DTP1,Diphtheria-Tetanus-Pertussis 1st Dose,OFFICIAL,Official WHO/UNICEF estimate,19416167.0,15722652,80.98
Countries,CHN,China,2012,DTP3,Diphtheria-Tetanus-Pertussis 3rd Dose,OFFICIAL,Official WHO/UNICEF estimate,18138090.0,12873142,70.97
Countries,CHN,China,2012,BCG,Bacillus Calmette-Guérin (Tuberculosis),OFFICIAL,Official WHO/UNICEF estimate,18862310.0,16306722,86.45
Countries,CHN,China,2012,HEPB3,Hepatitis B 3rd Dose,OFFICIAL,Official WHO/UNICEF estimate,18709889.0,15668522,83.74
Countries,CHN,China,2012,POL3,Polio 3rd Dose,OFFICIAL,Official WHO/UNICEF estimate,18691375.0,14604019,78.13
Countries,CHN,China,2012,ROTA,Rotavirus Last Dose,OFFICIAL,Official WHO/UNICEF estimate,18869896.0,15156916,80.32
Countries,CHN,China,2012,IPV1,Inactivated Polio 1st Dose,OFFICIAL,Official WHO/UNICEF estimate,19535153.0,15578508,79.75
Countries,CHN,China,2012,HPV,Human Papillomavirus Last Dose,OFFICIAL,Official WHO/UNICEF estimate,18416945.0,13968308,75.84
Countries,CHN,China,2013,MCV1,Measles 1st Dose,ADMINISTRATIVE,Administrative reports from health facilities,18550763.0,15636210,84.29
Countries,CHN,China,2013,MCV2,Measles 2nd Dose,ADMINISTRATIVE,Administrative reports from health facilities,18840234.0,14024215,74.44
Countries,CHN,China,2013,DTP1,Diphtheria-Tetanus-Pertussis 1st Dose,ADMINISTRATIVE,Administrative reports from health facilities,18076908.0,15099564,83.53
Countries,CHN,China,2013,DTP3,Diphtheria-Tetanus-Pertussis 3rd Dose,ADMINISTRATIVE,Administrative reports from health facilities,19022299.0,13555877,71.26
Countries,CHN,China,2013,BCG,Bacillus Calmette-Guérin (Tuberculosis),ADMINISTRATIVE,Administrative reports from health facilities,18673009.0,15353323,82.22
Countries,CHN,China,2013,HEPB3,Hepatitis B 3rd Dose,ADMINISTRATIVE,Administrative reports from health facilities,17857486.0,15127423,84.71
Countries,CHN,China,2013,POL3,Polio 3rd Dose,ADMINISTRATIVE,Administrative reports from health facilities,18606374.0,14691618,78.96
Countries,CHN,China,2013,ROTA,Rotavirus Last Dose,ADMINISTRATIVE,Administrative reports from health facilities,18308821.0,13813563,75.45
Countries,CHN,China,2013,IPV1,Inactivated Polio 1st Dose,ADMINISTRATIVE,Administrative reports from health facilities,19330198.0,16117275,83.38
Countries,CHN,China,2013,HPV,Human Papillomavirus Last Dose,ADMINISTRATIVE,Administrative reports from health facilities,,13392086,69.93
Countries,CHN,China,2014,MCV1,Measles 1st Dose,OFFICIAL,Official WHO/UNICEF estimate,18928423.0,16582724,87.61
Countries,CHN,China,2014,MCV2,Measles 2nd Dose,OFFICIAL,Official WHO/UNICEF estimate,18692048.0,14693817,78.61
Countries,CHN,China,2014,DTP1,Diphtheria-Tetanus-Pertussis 1st Dose,OFFICIAL,Official WHO/UNICEF estimate,18567011.0,15839525,85.31
Countries,CHN,China,2014,DTP3,Diphtheria-Tetanus-Pertussis 3rd Dose,OFFICIAL,Official WHO/UNICEF estimate,19180142.0,13315475,69.4%
Countries,CHN,China,2014,BCG,Bacillus Calmette-Guérin (Tuberculosis),OFFICIAL,Official WHO/UNICEF estimate,,17665288,92.51
Countries,CHN,China,2014,HEPB3,Hepatitis B 3rd Dose,OFFICIAL,Official WHO/UNICEF estimate,19690013.0,14235437,72.3
Countries,CHN,China,2014,POL3,Polio 3rd Dose,OFFICIAL,Official WHO/UNICEF estimate,19435946.0,16523961,85.02
Countries,CHN,China,2014,ROTA,Rotavirus Last Dose,OFFICIAL,Official WHO/UNICEF estimate,18706767.0,15434426,82.51
Countries,CHN,China,2014,IPV1,Inactivated Polio 1st Dose,OFFICIAL,Official WHO/UNICEF estimate,19455699.0,15827262,81.35
Countries,CHN,China,2014,HPV,Human Papillomavirus Last Dose,OFFICIAL,Official WHO/UNICEF estimate,19330957.0,13971814,72.28
Countries,CHN,China,2015,MCV1,Measles 1st Dose,ADMINISTRATIVE,Administrative reports from health facilities,19498473.0,16559283,84.93
Countries,CHN,China,2015,MCV2,Measles 2nd Dose,ADMINISTRATIVE,Administrative reports from health facilities,19067485.0,14265163,74.81
Countries,CHN,China,2015,DTP1,Diphtheria-Tetanus-Pertussis 1st Dose,ADMINISTRATIVE,Administrative reports from health facilities,19449876.0,17261198,88.75
Countries,CHN,China,2015,DTP3,Diphtheria-Tetanus-Pertussis 3rd Dose,ADMINISTRATIVE,Administrative reports from health facilities,18942628.0,14843809,78.36
Countries,CHN,China,2015,BCG,Bacillus Calmette-Guérin (Tuberculosis),ADMINISTRATIVE,Administrative reports from health facilities,19417126.0,16879926,86.93
Countries,CHN,China,2015,HEPB3,Hepatitis B 3rd Dose,ADMINISTRATIVE,Administrative reports from health facilities,19974510.0,18112458,90.68
Countries,CHN,China,2015,POL3,Polio 3rd Dose,ADMINISTRATIVE,Administrative reports from health facilities,19753587.0,17130831,86.72
Countries,CHN,China,2015,ROTA,Rotavirus Last Dose,ADMINISTRATIVE,Administrative reports from health facilities,18827999.0,14933244,79.31
Countries,CHN,China,2015,IPV1,Inactivated Polio 1st Dose,ADMINISTRATIVE,Administrative reports from health facilities,18861868.0,14806729,78.5
Countries,CHN,China,2015,HPV,Human Papillomavirus Last Dose,ADMINISTRATIVE,Administrative reports from health facilities,19213867.0,14689845,76.45
Countries,CHN,China,2016,MCV1,Measles 1st Dose,OFFICIAL,Official WHO/UNICEF estimate,19883953.0,18258609,91.83
Countries,CHN,China,2016,MCV2,Measles 2nd Dose,OFFICIAL,Official WHO/UNICEF estimate,19391520.0,14749011,76.06
Countries,CHN,China,2016,DTP1,Diphtheria-Tetanus-Pertussis 1st Dose,OFFICIAL,Official WHO/UNICEF estimate,19227103.0,18435446,95.88
Countries,CHN,China,2016,DTP3,Diphtheria-Tetanus-Pertussis 3rd Dose,OFFICIAL,Official WHO/UNICEF estimate,19568333.0,13802841,70.54
Countries,CHN,China,2016,BCG,Bacillus Calmette-Guérin (Tuberculosis),OFFICIAL,Official WHO/UNICEF estimate,19444675.0,16972254,87.28
Countries,CHN,China,2016,HEPB3,Hepatitis B 3rd Dose,OFFICIAL,Official WHO/UNICEF estimate,19582857.0,15681782,80.08
Countries,CHN,China,2016,POL3,Polio 3rd Dose,OFFICIAL,Official WHO/UNICEF estimate,19361512.0,16120233,83.26
Countries,CHN,China,2016,ROTA,Rotavirus Last Dose,OFFICIAL,Official WHO/UNICEF estimate,19897489.0,17088709,85.88
Countries,CHN,China,2016,IPV1,Inactivated Polio 1st Dose,OFFICIAL,Official WHO/UNICEF estimate,19645161.0,17581128,89.49
Countries,CHN,China,2016,HPV,Human Papillomavirus Last Dose,OFFICIAL,Official WHO/UNICEF estimate,19408382.0,14654701,75.51
Countries,CHN,China,2017,MCV1,Measles 1st Dose,ADMINISTRATIVE,Administrative reports from health facilities,19213863.0,17970086,93.53
Countries,CHN,China,2017,MCV2,Measles 2nd Dose,ADMINISTRATIVE,Administrative reports from health facilities,18913756.0,13891529,73.45
Countries,CHN,China,2017,DTP1,Diphtheria-Tetanus-Pertussis 1st Dose,ADMINISTRATIVE,Administrative reports from health facilities,20133398.0,18891082,93.83
Countries,CHN,China,2017,DTP3,Diphtheria-Tetanus-Pertussis 3rd Dose,ADMINISTRATIVE,Administrative reports from health facilities,18968093.0,14919791,78.66
Countries,CHN,China,2017,BCG,Bacillus Calmette-Guérin (Tuberculosis),ADMINISTRATIVE,Administrative reports from health facilities,19422883.0,17863228,91.97
Countries,CHN,China,2017,HEPB3,Hepatitis B 3rd Dose,ADMINISTRATIVE,Administrative reports from health facilities,20222750.0,17239218,85.25
Countries,CHN,China,2017,POL3,Polio 3rd Dose,ADMINISTRATIVE,Administrative reports from health facilities,19833883.0,16120031,81.28
Countries,CHN,China,2017,ROTA,Rotavirus Last Dose,ADMINISTRATIVE,Administrative reports from health facilities,19596124.0,16395497,83.67
Countries,CHN,China,2017,IPV1,Inactivated Polio 1st Dose,ADMINISTRATIVE,Administrative reports from health facilities,19433101.0,15301747,78.74
Countries,CHN,China,2017,HPV,Human Papillomavirus Last Dose,ADMINISTRATIVE,Administrative reports from health facilities,19855641.0,14304077,72.04
Countries,CHN,China,2018,MCV1,Measles 1st Dose,OFFICIAL,Official WHO/UNICEF estimate,19959199.0,18227746,91.33
Countries,CHN,China,2018,MCV2,Measles 2nd Dose,OFFICIAL,Official WHO/UNICEF estimate,19568276.0,14505632,74.13
Countries,CHN,China,2018,DTP1,Diphtheria-Tetanus-Pertussis 1st Dose,OFFICIAL,Official WHO/UNICEF estimate,19653107.0,18527765,94.27
Countries,CHN,China,2018,DTP3,Diphtheria-Tetanus-Pertussis 3rd Dose,OFFICIAL,Official WHO/UNICEF estimate,20042652.0,15043430,75.06
Countries,CHN,China,2018,BCG,Bacillus Calmette-Guérin (Tuberculosis),OFFICIAL,Official WHO/UNICEF estimate,19577391.0,17267387,88.2
Countries,CHN,China,2018,HEPB3,Hepatitis B 3rd Dose,OFFICIAL,Official WHO/UNICEF estimate,19919531.0,16913416,84.91
Countries,CHN,China,2018,POL3,Polio 3rd Dose,OFFICIAL,Official WHO/UNICEF estimate,19219758.0,16183441,84.2
Countries,CHN,China,2018,ROTA,Rotavirus Last Dose,OFFICIAL,Official WHO/UNICEF estimate,20195121.0,17593017,87.12
Countries,CHN,China,2018,IPV1,Inactivated Polio 1st Dose,OFFICIAL,Official WHO/UNICEF estimate,,16299362,82.96
Countries,CHN,China,2018,HPV,Human Papillomavirus Last Dose,OFFICIAL,Official WHO/UNICEF estimate,19763444.0,14468154,73.21
Countries,CHN,China,2019,MCV1,Measles 1st Dose,ADMINISTRATIVE,Administrative reports from health facilities,20482788.0,18148799,88.61
Countries,CHN,China,2019,MCV2,Measles 2nd Dose,ADMINISTRATIVE,Administrative reports from health facilities,19765254.0,15133712,76.57
Countries,CHN,China,2019,DTP1,Diphtheria-Tetanus-Pertussis 1st Dose,ADMINISTRATIVE,Administrative reports from health facilities,19643453.0,17771137,90.47
Countries,CHN,China,2019,DTP3,Diphtheria-Tetanus-Pertussis 3rd Dose,ADMINISTRATIVE,Administrative reports from health facilities,19795709.0,15505708,78.33
Countries,CHN,China,2019,BCG,Bacillus Calmette-Guérin (Tuberculosis),ADMINISTRATIVE,Administrative reports from health facilities,19993083.0,18925528,94.66
Countries,CHN,China,2019,HEPB3,Hepatitis B 3rd Dose,ADMINISTRATIVE,Administrative reports from health facilities,20165374.0,17659168,87.57
Countries,CHN,China,2019,POL3,Polio 3rd Dose,ADMINISTRATIVE,Administrative reports from health facilities,19747120.0,17770128,90.0%
Countries,CHN,China,2019,ROTA,Rotavirus Last Dose,ADMINISTRATIVE,Administrative reports from health facilities,19723934.0,16408160,83.19
Countries,CHN,China,2019,IPV1,Inactivated Polio 1st Dose,ADMINISTRATIVE,Administrative reports from health facilities,19923014.0,15925049,79.93
Countries,CHN,China,2019,HPV,Human Papillomavirus Last Dose,ADMINISTRATIVE,Administrative reports from health facilities,19586023.0,15405566,78.66
Countries,CHN,China,2020,MCV1,Measles 1st Dose,OFFICIAL,Official WHO/UNICEF estimate,20212648.0,16936304,83.79
Countries,CHN,China,2020,MCV2,Measles 2nd Dose,OFFICIAL,Official WHO/UNICEF estimate,19953396.0,14464168,72.49
Countries,CHN,China,2020,DTP1,Diphtheria-Tetanus-Pertussis 1st Dose,OFFICIAL,Official WHO/UNICEF estimate,20156798.0,16324148,80.99
Countries,CHN,China,2020,DTP3,Diphtheria-Tetanus-Pertussis 3rd Dose,OFFICIAL,Official WHO/UNICEF estimate,20314076.0,15058190,74.13
Countries,CHN,China,2020,BCG,Bacillus Calmette-Guérin (Tuberculosis),OFFICIAL,Official WHO/UNICEF estimate,19782657.0,16815846,85.0
Countries,CHN,China,2020,HEPB3,Hepatitis B 3rd Dose,OFFICIAL,Official WHO/UNICEF estimate,19759455.0,14952483,75.67
Countries,CHN,China,2020,POL3,Polio 3rd Dose,OFFICIAL,Official WHO/UNICEF estimate,19982368.0,16262760,81.39
Countries,CHN,China,2020,ROTA,Rotavirus Last Dose,OFFICIAL,Official WHO/UNICEF estimate,19472203.0,15532143,79.77
Countries,CHN,China,2020,IPV1,Inactivated Polio 1st Dose,OFFICIAL,Official WHO/UNICEF estimate,20550261.0,17079637,83.11
Countries,CHN,China,2020,HPV,Human Papillomavirus Last Dose,OFFICIAL,Official WHO/UNICEF estimate,19381882.0,13426044,69.27
Countries,CHN,China,2021,MCV1,Measles 1st Dose,ADMINISTRATIVE,Administrative reports from health facilities,20111673.0,18479845,91.89
Countries,CHN,China,2021,MCV2,Measles 2nd Dose,ADMINISTRATIVE,Administrative reports from health facilities,19983465.0,13816169,69.14
Countries,CHN,China,2021,DTP1,Diphtheria-Tetanus-Pertussis 1st Dose,ADMINISTRATIVE,Administrative reports from health facilities,20045506.0,16991792,84.77
Countries,CHN,China,2021,DTP3,Diphtheria-Tetanus-Pertussis 3rd Dose,ADMINISTRATIVE,Administrative reports from health facilities,20011469.0,14268840,71.3
Countries,CHN,China,2021,BCG,Bacillus Calmette-Guérin (Tuberculosis),ADMINISTRATIVE,Administrative reports from health facilities,20060623.0,17940049,89.43
Countries,CHN,China,2021,HEPB3,Hepatitis B 3rd Dose,ADMINISTRATIVE,Administrative reports from health facilities,19878511.0,14906621,74.99
Countries,CHN,China,2021,POL3,Polio 3rd Dose,ADMINISTRATIVE,Administrative reports from health facilities,20209351.0,16072904,79.53
Countries,CHN,China,2021,ROTA,Rotavirus Last Dose,ADMINISTRATIVE,Administrative reports from health facilities,,16884557,83.62
Countries,CHN,China,2021,IPV1,Inactivated Polio 1st Dose,ADMINISTRATIVE,Administrative reports from health facilities,20106075.0,16324102,81.19
Countries,CHN,China,2021,HPV,Human Papillomavirus Last Dose,ADMINISTRATIVE,Administrative reports from health facilities,19653617.0,14419790,73.37
Countries,CHN,China,2022,MCV1,Measles 1st Dose,OFFICIAL,Official WHO/UNICEF estimate,20332816.0,19272005,94.78
Countries,CHN,China,2022,MCV2,Measles 2nd Dose,OFFICIAL,Official WHO/UNICEF estimate,20819758.0,17302979,83.11
Countries,CHN,China,2022,DTP1,Diphtheria-Tetanus-Pertussis 1st Dose,OFFICIAL,Official WHO/UNICEF estimate,20290823.0,19312934,95.18
Countries,CHN,China,2022,DTP3,Diphtheria-Tetanus-Pertussis 3rd Dose,OFFICIAL,Official WHO/UNICEF estimate,20070755.0,15758295,78.51
Countries,CHN,China,2022,BCG,Bacillus Calmette-Guérin (Tuberculosis),OFFICIAL,Official WHO/UNICEF estimate,19926576.0,18526979,92.98
Countries,CHN,China,2022,HEPB3,Hepatitis B 3rd Dose,OFFICIAL,Official WHO/UNICEF estimate,20770320.0,18051936,86.91
Countries,CHN,China,2022,POL3,Polio 3rd Dose,OFFICIAL,Official WHO/UNICEF estimate,20547999.0,17673418,86.01
Countries,CHN,China,2022,ROTA,Rotavirus Last Dose,OFFICIAL,Official WHO/UNICEF estimate,20740346.0,18643366,89.89
Countries,CHN,China,2022,IPV1,Inactivated Polio 1st Dose,OFFICIAL,Official WHO/UNICEF estimate,20076726.0,17263964,85.99
Countries,CHN,China,2022,HPV,Human Papillomavirus Last Dose,OFFICIAL,Official WHO/UNICEF estimate,20097742.0,15239137,75.83
Countries,CHN,China,2023,MCV1,Measles 1st Dose,ADMINISTRATIVE,Administrative reports from health facilities,20099912.0,18701291,93.0%
Countries,CHN,China,2023,MCV2,Measles 2nd Dose,ADMINISTRATIVE,Administrative reports from health facilities,20987677.0,16366230,77.98
Countries,CHN,China,2023,DTP1,Diphtheria-Tetanus-Pertussis 1st Dose,ADMINISTRATIVE,Administrative reports from health facilities,19889305.0,19442534,97.8%
Countries,CHN,China,2023,DTP3,Diphtheria-Tetanus-Pertussis 3rd Dose,ADMINISTRATIVE,Administrative reports from health facilities,21080745.0,18741205,88.9
Countries,CHN,China,2023,BCG,Bacillus Calmette-Guérin (Tuberculosis),ADMINISTRATIVE,Administrative reports from health facilities,20628543.0,18461882,89.5
Countries,CHN,China,2023,HEPB3,Hepatitis B 3rd Dose,ADMINISTRATIVE,Administrative reports from health facilities,20399709.0,17698797,86.76
Countries,CHN,China,2023,POL3,Polio 3rd Dose,ADMINISTRATIVE,Administrative reports from health facilities,20919182.0,17436879,83.35
Countries,CHN,China,2023,ROTA,Rotavirus Last Dose,ADMINISTRATIVE,Administrative reports from health facilities,20741305.0,18946200,91.35
Countries,CHN,China,2023,IPV1,Inactivated Polio 1st Dose,ADMINISTRATIVE,Administrative reports from health facilities,20549588.0,19559322,95.18
Countries,CHN,China,2023,HPV,Human Papillomavirus Last Dose,ADMINISTRATIVE,Administrative reports from health facilities,20257280.0,15812525,78.06
Countries,CHN,China,2024,MCV1,Measles 1st Dose,OFFICIAL,Official WHO/UNICEF estimate,21253648.0,19611594,92.27
Countries,CHN,China,2024,MCV2,Measles 2nd Dose,OFFICIAL,Official WHO/UNICEF estimate,20647384.0,17044844,82.55
Countries,CHN,China,2024,DTP1,Diphtheria-Tetanus-Pertussis 1st Dose,OFFICIAL,Official WHO/UNICEF estimate,21060534.0,19590061,93.02
Countries,CHN,China,2024,DTP3,Diphtheria-Tetanus-Pertussis 3rd Dose,OFFICIAL,Official WHO/UNICEF estimate,20390062.0,15654571,76.78
Countries,CHN,China,2024,BCG,Bacillus Calmette-Guérin (Tuberculosis),OFFICIAL,Official WHO/UNICEF estimate,20913046.0,20540483,98.22
Countries,CHN,China,2024,HEPB3,Hepatitis B 3rd Dose,OFFICIAL,Official WHO/UNICEF estimate,20829070.0,17884019,85.9%
Countries,CHN,China,2024,POL3,Polio 3rd Dose,OFFICIAL,Official WHO/UNICEF estimate,20814478.0,17958003,86.3%
Countries,CHN,China,2024,ROTA,Rotavirus Last Dose,OFFICIAL,Official WHO/UNICEF estimate,20618964.0,18352437,89.01
Countries,CHN,China,2024,IPV1,Inactivated Polio 1st Dose,OFFICIAL,Official WHO/UNICEF estimate,20411500.0,17876059,87.58
Countries,CHN,China,2024,HPV,Human Papillomavirus Last Dose,OFFICIAL,Official WHO/UNICEF estimate,21335121.0,17050197,79.92
Countries,KEN,Kenya,2010,MCV1,Measles 1st Dose,OFFICIAL,Official WHO/UNICEF estimate,5819401.0,4364907,75.01
Countries,KEN,Kenya,2010,MCV2,Measles 2nd Dose,OFFICIAL,Official WHO/UNICEF estimate,5858009.0,3529342,60.25
Countries,KEN,Kenya,2010,DTP1,Diphtheria-Tetanus-Pertussis 1st Dose,OFFICIAL,Official WHO/UNICEF estimate,5711153.0,4187535,73.32
Countries,KEN,Kenya,2010,DTP3,Diphtheria-Tetanus-Pertussis 3rd Dose,OFFICIAL,Official WHO/UNICEF estimate,5898795.0,3268765,55.41
Countries,KEN,Kenya,2010,BCG,Bacillus Calmette-Guérin (Tuberculosis),OFFICIAL,Official WHO/UNICEF estimate,5901413.0,4525287,76.68
Countries,KEN,Kenya,2010,HEPB3,Hepatitis B 3rd Dose,OFFICIAL,Official WHO/UNICEF estimate,5706330.0,3892452,68.21
Countries,KEN,Kenya,2010,POL3,Polio 3rd Dose,OFFICIAL,Official WHO/UNICEF estimate,5642536.0,3789820,67.17
Countries,KEN,Kenya,2010,ROTA,Rotavirus Last Dose,OFFICIAL,Official WHO/UNICEF estimate,5832813.0,4010356,68.8%
Countries,KEN,Kenya,2010,IPV1,Inactivated Polio 1st Dose,OFFICIAL,Official WHO/UNICEF estimate,5549977.0,3551897,64.0
Countries,KEN,Kenya,2010,HPV,Human Papillomavirus Last Dose,OFFICIAL,Official WHO/UNICEF estimate,5792478.0,3237492,55.89
Countries,KEN,Kenya,2011,MCV1,Measles 1st Dose,ADMINISTRATIVE,Administrative reports from health facilities,5821440.0,4195253,72.07
Countries,KEN,Kenya,2011,MCV2,Measles 2nd Dose,ADMINISTRATIVE,Administrative reports from health facilities,5752181.0,3214868,55.89
Countries,KEN,Kenya,2011,DTP1,Diphtheria-Tetanus-Pertussis 1st Dose,ADMINISTRATIVE,Administrative reports from health facilities,6079187.0,4710012,77.48
Countries,KEN,Kenya,2011,DTP3,Diphtheria-Tetanus-Pertussis 3rd Dose,ADMINISTRATIVE,Administrative reports from health facilities,5760577.0,3369192,58.49
Countries,KEN,Kenya,2011,BCG,Bacillus Calmette-Guérin (Tuberculosis),ADMINISTRATIVE,Administrative reports from health facilities,5820643.0,3961720,68.06
Countries,KEN,Kenya,2011,HEPB3,Hepatitis B 3rd Dose,ADMINISTRATIVE,Administrative reports from health facilities,5881420.0,4261409,72.46
Countries,KEN,Kenya,2011,POL3,Polio 3rd Dose,ADMINISTRATIVE,Administrative reports from health facilities,5987573.0,4187577,69.94
Countries,KEN,Kenya,2011,ROTA,Rotavirus Last Dose,ADMINISTRATIVE,Administrative reports from health facilities,5721185.0,3895226,68.08
Countries,KEN,Kenya,2011,IPV1,Inactivated Polio 1st Dose,ADMINISTRATIVE,Administrative reports from health facilities,5708679.0,3989088,69.88
Countries,KEN,Kenya,2011,HPV,Human Papillomavirus Last Dose,ADMINISTRATIVE,Administrative reports from health facilities,5886325.0,3245680,55.14
Countries,KEN,Kenya,2012,MCV1,Measles 1st Dose,OFFICIAL,Official WHO/UNICEF estimate,5943069.0,4236133,71.3%
Countries,KEN,Kenya,2012,MCV2,Measles 2nd Dose,OFFICIAL,Official WHO/UNICEF estimate,5823159.0,3147925,54.1%
Countries,KEN,Kenya,2012,DTP1,Diphtheria-Tetanus-Pertussis 1st Dose,OFFICIAL,Official WHO/UNICEF estimate,6231579.0,4656823,74.73
Countries,KEN,Kenya,2012,DTP3,Diphtheria-Tetanus-Pertussis 3rd Dose,OFFICIAL,Official WHO/UNICEF estimate,5726849.0,3640205,63.56
Countries,KEN,Kenya,2012,BCG,Bacillus Calmette-Guérin (Tuberculosis),OFFICIAL,Official WHO/UNICEF estimate,5839245.0,4181477,71.61
Countries,KEN,Kenya,2012,HEPB3,Hepatitis B 3rd Dose,OFFICIAL,Official WHO/UNICEF estimate,5942840.0,3951376,66.49
Countries,KEN,Kenya,2012,POL3,Polio 3rd Dose,OFFICIAL,Official WHO/UNICEF estimate,6028596.0,3896473,64.63
Countries,KEN,Kenya,2012,ROTA,Rotavirus Last Dose,OFFICIAL,Official WHO/UNICEF estimate,6043339.0,4279943,70.82
Countries,KEN,Kenya,2012,IPV1,Inactivated Polio 1st Dose,OFFICIAL,Official WHO/UNICEF estimate,5948853.0,3771022,63.39
Countries,KEN,Kenya,2012,HPV,Human Papillomavirus Last Dose,OFFICIAL,Official WHO/UNICEF estimate,6006004.0,3737238,62.23
Countries,KEN,Kenya,2013,MCV1,Measles 1st Dose,ADMINISTRATIVE,Administrative reports from health facilities,6135782.0,4663661,76.01
Countries,KEN,Kenya,2013,MCV2,Measles 2nd Dose,ADMINISTRATIVE,Administrative reports from health facilities,5767497.0,3333127,57.79
Countries,KEN,Kenya,2013,DTP1,Diphtheria-Tetanus-Pertussis 1st Dose,ADMINISTRATIVE,Administrative reports from health facilities,5941113.0,4299217,72.36
Countries,KEN,Kenya,2013,DTP3,Diphtheria-Tetanus-Pertussis 3rd Dose,ADMINISTRATIVE,Administrative reports from health facilities,5894516.0,4028394,68.34
Countries,KEN,Kenya,2013,BCG,Bacillus Calmette-Guérin (Tuberculosis),ADMINISTRATIVE,Administrative reports from health facilities,6233018.0,4832565,77.53
Countries,KEN,Kenya,2013,HEPB3,Hepatitis B 3rd Dose,ADMINISTRATIVE,Administrative reports from health facilities,5966691.0,4433133,74.3
Countries,KEN,Kenya,2013,POL3,Polio 3rd Dose,ADMINISTRATIVE,Administrative reports from health facilities,5996628.0,4217257,70.33
Countries,KEN,Kenya,2013,ROTA,Rotavirus Last Dose,ADMINISTRATIVE,Administrative reports from health facilities,6127287.0,3957765,64.59
Countries,KEN,Kenya,2013,IPV1,Inactivated Polio 1st Dose,ADMINISTRATIVE,Administrative reports from health facilities,5862290.0,4074032,69.5
Countries,KEN,Kenya,2013,HPV,Human Papillomavirus Last Dose,ADMINISTRATIVE,Administrative reports from health facilities,5950917.0,3456909,58.09
Countries,KEN,Kenya,2014,MCV1,Measles 1st Dose,OFFICIAL,Official WHO/UNICEF estimate,5890732.0,4623222,78.48
Countries,KEN,Kenya,2014,MCV2,Measles 2nd Dose,OFFICIAL,Official WHO/UNICEF estimate,5890315.0,3080818,52.3
Countries,KEN,Kenya,2014,DTP1,Diphtheria-Tetanus-Pertussis 1st Dose,OFFICIAL,Official WHO/UNICEF estimate,5913452.0,4432906,74.96
Countries,KEN,Kenya,2014,DTP3,Diphtheria-Tetanus-Pertussis 3rd Dose,OFFICIAL,Official WHO/UNICEF estimate,5969602.0,3555802,59.57
Countries,KEN,Kenya,2014,BCG,Bacillus Calmette-Guérin (Tuberculosis),OFFICIAL,Official WHO/UNICEF estimate,5947390.0,3983124,66.97
Countries,KEN,Kenya,2014,HEPB3,Hepatitis B 3rd Dose,OFFICIAL,Official WHO/UNICEF estimate,6138159.0,4140393,67.45
Countries,KEN,Kenya,2014,POL3,Polio 3rd Dose,OFFICIAL,Official WHO/UNICEF estimate,5936576.0,4462815,75.17
Countries,KEN,Kenya,2014,ROTA,Rotavirus Last Dose,OFFICIAL,Official WHO/UNICEF estimate,6086108.0,4187476,68.8
Countries,KEN,Kenya,2014,IPV1,Inactivated Polio 1st Dose,OFFICIAL,Official WHO/UNICEF estimate,5964047.0,4577766,76.76
Countries,KEN,Kenya,2014,HPV,Human Papillomavirus Last Dose,OFFICIAL,Official WHO/UNICEF estimate,5984989.0,3428392,57.28
Countries,KEN,Kenya,2015,MCV1,Measles 1st Dose,ADMINISTRATIVE,Administrative reports from health facilities,6163250.0,4441153,72.06
Countries,KEN,Kenya,2015,MCV2,Measles 2nd Dose,ADMINISTRATIVE,Administrative reports from health facilities,6114404.0,3942907,64.49
Countries,KEN,Kenya,2015,DTP1,Diphtheria-Tetanus-Pertussis 1st Dose,ADMINISTRATIVE,Administrative reports from health facilities,6246038.0,4724942,75.65
Countries,KEN,Kenya,2015,DTP3,Diphtheria-Tetanus-Pertussis 3rd Dose,ADMINISTRATIVE,Administrative reports from health facilities,6178025.0,3724420,60.28
Countries,KEN,Kenya,2015,BCG,Bacillus Calmette-Guérin (Tuberculosis),ADMINISTRATIVE,Administrative reports from health facilities,5951635.0,4417546,74.22
Countries,KEN,Kenya,2015,HEPB3,Hepatitis B 3rd Dose,ADMINISTRATIVE,Administrative reports from health facilities,6121607.0,4481547,73.21
Countries,KEN,Kenya,2015,POL3,Polio 3rd Dose,ADMINISTRATIVE,Administrative reports from health facilities,6135093.0,4468376,72.83
Countries,KEN,Kenya,2015,ROTA,Rotavirus Last Dose,ADMINISTRATIVE,Administrative reports from health facilities,5990560.0,4250812,71.0%
Countries,KEN,Kenya,2015,IPV1,Inactivated Polio 1st Dose,ADMINISTRATIVE,Administrative reports from health facilities,6146479.0,4807615,78.22
Countries,KEN,Kenya,2015,HPV,Human Papillomavirus Last Dose,ADMINISTRATIVE,Administrative reports from health facilities,6075185.0,3999116,65.83
Countries,KEN,Kenya,2016,MCV1,Measles 1st Dose,OFFICIAL,Official WHO/UNICEF estimate,6240654.0,4601566,73.74
Countries,KEN,Kenya,2016,MCV2,Measles 2nd Dose,OFFICIAL,Official WHO/UNICEF estimate,6320049.0,3626039,57.37
Countries,KEN,Kenya,2016,DTP1,Diphtheria-Tetanus-Pertussis 1st Dose,OFFICIAL,Official WHO/UNICEF estimate,6236385.0,4676030,74.98
Countries,KEN,Kenya,2016,DTP3,Diphtheria-Tetanus-Pertussis 3rd Dose,OFFICIAL,Official WHO/UNICEF estimate,6282850.0,3954453,62.94
Countries,KEN,Kenya,2016,BCG,Bacillus Calmette-Guérin (Tuberculosis),OFFICIAL,Official WHO/UNICEF estimate,6167482.0,4948917,80.24
Countries,KEN,Kenya,2016,HEPB3,Hepatitis B 3rd Dose,OFFICIAL,Official WHO/UNICEF estimate,6345251.0,4091063,64.47
Countries,KEN,Kenya,2016,POL3,Polio 3rd Dose,OFFICIAL,Official WHO/UNICEF estimate,6201369.0,4036833,65.1
Countries,KEN,Kenya,2016,ROTA,Rotavirus Last Dose,OFFICIAL,Official WHO/UNICEF estimate,6207036.0,4636742,74.7
Countries,KEN,Kenya,2016,IPV1,Inactivated Polio 1st Dose,OFFICIAL,Official WHO/UNICEF estimate,6170035.0,4178731,67.73
Countries,KEN,Kenya,2016,HPV,Human Papillomavirus Last Dose,OFFICIAL,Official WHO/UNICEF estimate,6079267.0,3646943,59.99
Countries,KEN,Kenya,2017,MCV1,Measles 1st Dose,ADMINISTRATIVE,Administrative reports from health facilities,5911171.0,4587168,77.6
Countries,KEN,Kenya,2017,MCV2,Measles 2nd Dose,ADMINISTRATIVE,Administrative reports from health facilities,6222669.0,3852317,61.91
Countries,KEN,Kenya,2017,DTP1,Diphtheria-Tetanus-Pertussis 1st Dose,ADMINISTRATIVE,Administrative reports from health facilities,6115614.0,4711642,77.04
Countries,KEN,Kenya,2017,DTP3,Diphtheria-Tetanus-Pertussis 3rd Dose,ADMINISTRATIVE,Administrative reports from health facilities,6208731.0,4005523,64.5%
Countries,KEN,Kenya,2017,BCG,Bacillus Calmette-Guérin (Tuberculosis),ADMINISTRATIVE,Administrative reports from health facilities,6269875.0,5264366,84.0%
Countries,KEN,Kenya,2017,HEPB3,Hepatitis B 3rd Dose,ADMINISTRATIVE,Administrative reports from health facilities,6295903.0,4337374,68.89
Countries,KEN,Kenya,2017,POL3,Polio 3rd Dose,ADMINISTRATIVE,Administrative reports from health facilities,6214613.0,4031318,64.87
Countries,KEN,Kenya,2017,ROTA,Rotavirus Last Dose,ADMINISTRATIVE,Administrative reports from health facilities,6215937.0,4457887,71.72
Countries,KEN,Kenya,2017,IPV1,Inactivated Polio 1st Dose,ADMINISTRATIVE,Administrative reports from health facilities,6212582.0,4214446,67.8%
Countries,KEN,Kenya,2017,HPV,Human Papillomavirus Last Dose,ADMINISTRATIVE,Administrative reports from health facilities,6405917.0,3760445,58.7
Countries,KEN,Kenya,2018,MCV1,Measles 1st Dose,OFFICIAL,Official WHO/UNICEF estimate,6317513.0,4914163,77.79
Countries,KEN,Kenya,2018,MCV2,Measles 2nd Dose,OFFICIAL,Official WHO/UNICEF estimate,6193087.0,3624293,58.52
Countries,KEN,Kenya,2018,DTP1,Diphtheria-Tetanus-Pertussis 1st Dose,OFFICIAL,Official WHO/UNICEF estimate,6379262.0,5076145,79.57
Countries,KEN,Kenya,2018,DTP3,Diphtheria-Tetanus-Pertussis 3rd Dose,OFFICIAL,Official WHO/UNICEF estimate,6106618.0,3679773,60.26
Countries,KEN,Kenya,2018,BCG,Bacillus Calmette-Guérin (Tuberculosis),OFFICIAL,Official WHO/UNICEF estimate,6218334.0,4922402,79.16
Countries,KEN,Kenya,2018,HEPB3,Hepatitis B 3rd Dose,OFFICIAL,Official WHO/UNICEF estimate,6061421.0,4003839,66.05
Countries,KEN,Kenya,2018,POL3,Polio 3rd Dose,OFFICIAL,Official WHO/UNICEF estimate,6383633.0,4424433,69.31
Countries,KEN,Kenya,2018,ROTA,Rotavirus Last Dose,OFFICIAL,Official WHO/UNICEF estimate,6291496.0,4756594,75.6
Countries,KEN,Kenya,2018,IPV1,Inactivated Polio 1st Dose,OFFICIAL,Official WHO/UNICEF estimate,6216254.0,4473154,71.96
Countries,KEN,Kenya,2018,HPV,Human Papillomavirus Last Dose,OFFICIAL,Official WHO/UNICEF estimate,6386666.0,3555128,55.66
Countries,KEN,Kenya,2019,MCV1,Measles 1st Dose,ADMINISTRATIVE,Administrative reports from health facilities,6220640.0,4951291,79.59
Countries,KEN,Kenya,2019,MCV2,Measles 2nd Dose,ADMINISTRATIVE,Administrative reports from health facilities,6181194.0,4264303,68.99
Countries,KEN,Kenya,2019,DTP1,Diphtheria-Tetanus-Pertussis 1st Dose,ADMINISTRATIVE,Administrative reports from health facilities,6115848.0,5027193,82.2
Countries,KEN,Kenya,2019,DTP3,Diphtheria-Tetanus-Pertussis 3rd Dose,ADMINISTRATIVE,Administrative reports from health facilities,6159234.0,4508231,73.19
Countries,KEN,Kenya,2019,BCG,Bacillus Calmette-Guérin (Tuberculosis),ADMINISTRATIVE,Administrative reports from health facilities,6244319.0,5146340,82.42
Countries,KEN,Kenya,2019,HEPB3,Hepatitis B 3rd Dose,ADMINISTRATIVE,Administrative reports from health facilities,6522803.0,4849830,74.35
Countries,KEN,Kenya,2019,POL3,Polio 3rd Dose,ADMINISTRATIVE,Administrative reports from health facilities,6599628.0,4704379,71.28
Countries,KEN,Kenya,2019,ROTA,Rotavirus Last Dose,ADMINISTRATIVE,Administrative reports from health facilities,6145786.0,4826488,78.53
Countries,KEN,Kenya,2019,IPV1,Inactivated Polio 1st Dose,ADMINISTRATIVE,Administrative reports from health facilities,6290240.0,4541170,72.19
Countries,KEN,Kenya,2019,HPV,Human Papillomavirus Last Dose,ADMINISTRATIVE,Administrative reports from health facilities,6274916.0,4042588,64.42
Countries,KEN,Kenya,2020,MCV1,Measles 1st Dose,OFFICIAL,Official WHO/UNICEF estimate,6367437.0,4417774,69.38
Countries,KEN,Kenya,2020,MCV2,Measles 2nd Dose,OFFICIAL,Official WHO/UNICEF estimate,6083593.0,3682275,60.53
Countries,KEN,Kenya,2020,DTP1,Diphtheria-Tetanus-Pertussis 1st Dose,OFFICIAL,Official WHO/UNICEF estimate,6396024.0,4846697,75.78
Countries,KEN,Kenya,2020,DTP3,Diphtheria-Tetanus-Pertussis 3rd Dose,OFFICIAL,Official WHO/UNICEF estimate,6323753.0,4044406,63.96
Countries,KEN,Kenya,2020,BCG,Bacillus Calmette-Guérin (Tuberculosis),OFFICIAL,Official WHO/UNICEF estimate,6283040.0,4429374,70.5
Countries,KEN,Kenya,2020,HEPB3,Hepatitis B 3rd Dose,OFFICIAL,Official WHO/UNICEF estimate,6161946.0,4210394,68.33
Countries,KEN,Kenya,2020,POL3,Polio 3rd Dose,OFFICIAL,Official WHO/UNICEF estimate,6397786.0,4092162,63.96
Countries,KEN,Kenya,2020,ROTA,Rotavirus Last Dose,OFFICIAL,Official WHO/UNICEF estimate,6385513.0,3913552,61.29
Countries,KEN,Kenya,2020,IPV1,Inactivated Polio 1st Dose,OFFICIAL,Official WHO/UNICEF estimate,6511666.0,4634953,71.18
Countries,KEN,Kenya,2020,HPV,Human Papillomavirus Last Dose,OFFICIAL,Official WHO/UNICEF estimate,6490439.0,3772519,58.12
Countries,KEN,Kenya,2021,MCV1,Measles 1st Dose,ADMINISTRATIVE,Administrative reports from health facilities,6455614.0,4840347,74.98
Countries,KEN,Kenya,2021,MCV2,Measles 2nd Dose,ADMINISTRATIVE,Administrative reports from health facilities,6390376.0,3934761,61.6%
Countries,KEN,Kenya,2021,DTP1,Diphtheria-Tetanus-Pertussis 1st Dose,ADMINISTRATIVE,Administrative reports from health facilities,6484814.0,4690581,72.33
Countries,KEN,Kenya,2021,DTP3,Diphtheria-Tetanus-Pertussis 3rd Dose,ADMINISTRATIVE,Administrative reports from health facilities,6565913.0,3893629,59.3
Countries,KEN,Kenya,2021,BCG,Bacillus Calmette-Guérin (Tuberculosis),ADMINISTRATIVE,Administrative reports from health facilities,6523632.0,4962610,76.07
Countries,KEN,Kenya,2021,HEPB3,Hepatitis B 3rd Dose,ADMINISTRATIVE,Administrative reports from health facilities,6454291.0,4470174,69.26
Countries,KEN,Kenya,2021,POL3,Polio 3rd Dose,ADMINISTRATIVE,Administrative reports from health facilities,6554763.0,4585739,69.96
Countries,KEN,Kenya,2021,ROTA,Rotavirus Last Dose,ADMINISTRATIVE,Administrative reports from health facilities,6337345.0,4349756,68.64
Countries,KEN,Kenya,2021,IPV1,Inactivated Polio 1st Dose,ADMINISTRATIVE,Administrative reports from health facilities,6263231.0,4220021,67.38
Countries,KEN,Kenya,2021,HPV,Human Papillomavirus Last Dose,ADMINISTRATIVE,Administrative reports from health facilities,6521116.0,4161509,63.82
Countries,KEN,Kenya,2022,MCV1,Measles 1st Dose,OFFICIAL,Official WHO/UNICEF estimate,6416528.0,4984581,77.68
Countries,KEN,Kenya,2022,MCV2,Measles 2nd Dose,OFFICIAL,Official WHO/UNICEF estimate,6410214.0,4570162,71.3
Countries,KEN,Kenya,2022,DTP1,Diphtheria-Tetanus-Pertussis 1st Dose,OFFICIAL,Official WHO/UNICEF estimate,6356410.0,4787733,75.32
Countries,KEN,Kenya,2022,DTP3,Diphtheria-Tetanus-Pertussis 3rd Dose,OFFICIAL,Official WHO/UNICEF estimate,6437883.0,4221832,65.58
Countries,KEN,Kenya,2022,BCG,Bacillus Calmette-Guérin (Tuberculosis),OFFICIAL,Official WHO/UNICEF estimate,6573640.0,5211535,79.28
Countries,KEN,Kenya,2022,HEPB3,Hepatitis B 3rd Dose,OFFICIAL,Official WHO/UNICEF estimate,6539557.0,4749193,72.62
Countries,KEN,Kenya,2022,POL3,Polio 3rd Dose,OFFICIAL,Official WHO/UNICEF estimate,6633039.0,4684889,70.63
Countries,KEN,Kenya,2022,ROTA,Rotavirus Last Dose,OFFICIAL,Official WHO/UNICEF estimate,6493879.0,4606612,70.94
Countries,KEN,Kenya,2022,IPV1,Inactivated Polio 1st Dose,OFFICIAL,Official WHO/UNICEF estimate,6529988.0,4841911,74.15
Countries,KEN,Kenya,2022,HPV,Human Papillomavirus Last Dose,OFFICIAL,Official WHO/UNICEF estimate,6441101.0,4473926,69.46
Countries,KEN,Kenya,2023,MCV1,Measles 1st Dose,ADMINISTRATIVE,Administrative reports from health facilities,6681885.0,5636794,84.36
Countries,KEN,Kenya,2023,MCV2,Measles 2nd Dose,ADMINISTRATIVE,Administrative reports from health facilities,6757836.0,4506595,66.69
Countries,KEN,Kenya,2023,DTP1,Diphtheria-Tetanus-Pertussis 1st Dose,ADMINISTRATIVE,Administrative reports from health facilities,6509730.0,5376133,82.59
Countries,KEN,Kenya,2023,DTP3,Diphtheria-Tetanus-Pertussis 3rd Dose,ADMINISTRATIVE,Administrative reports from health facilities,6757838.0,4576330,67.72
Countries,KEN,Kenya,2023,BCG,Bacillus Calmette-Guérin (Tuberculosis),ADMINISTRATIVE,Administrative reports from health facilities,6592248.0,5453492,82.73
Countries,KEN,Kenya,2023,HEPB3,Hepatitis B 3rd Dose,ADMINISTRATIVE,Administrative reports from health facilities,6657095.0,5129669,77.06
Countries,KEN,Kenya,2023,POL3,Polio 3rd Dose,ADMINISTRATIVE,Administrative reports from health facilities,6618952.0,5074416,76.66
Countries,KEN,Kenya,2023,ROTA,Rotavirus Last Dose,ADMINISTRATIVE,Administrative reports from health facilities,6570165.0,4970627,75.65
Countries,KEN,Kenya,2023,IPV1,Inactivated Polio 1st Dose,ADMINISTRATIVE,Administrative reports from health facilities,6463887.0,5099220,78.89
Countries,KEN,Kenya,2023,HPV,Human Papillomavirus Last Dose,ADMINISTRATIVE,Administrative reports from health facilities,6517839.0,4398474,67.48
Countries,KEN,Kenya,2024,MCV1,Measles 1st Dose,OFFICIAL,Official WHO/UNICEF estimate,6461148.0,5001643,77.41
Countries,KEN,Kenya,2024,MCV2,Measles 2nd Dose,OFFICIAL,Official WHO/UNICEF estimate,6727856.0,4591983,68.25
Countries,KEN,Kenya,2024,DTP1,Diphtheria-Tetanus-Pertussis 1st Dose,OFFICIAL,Official WHO/UNICEF estimate,6541296.0,5426128,82.95
Countries,KEN,Kenya,2024,DTP3,Diphtheria-Tetanus-Pertussis 3rd Dose,OFFICIAL,Official WHO/UNICEF estimate,6562141.0,4796760,73.1
Countries,KEN,Kenya,2024,BCG,Bacillus Calmette-Guérin (Tuberculosis),OFFICIAL,Official WHO/UNICEF estimate,6818191.0,5367013,78.72
Countries,KEN,Kenya,2024,HEPB3,Hepatitis B 3rd Dose,OFFICIAL,Official WHO/UNICEF estimate,6797789.0,5199977,76.5
Countries,KEN,Kenya,2024,POL3,Polio 3rd Dose,OFFICIAL,Official WHO/UNICEF estimate,6608849.0,5035306,76.19
Countries,KEN,Kenya,2024,ROTA,Rotavirus Last Dose,OFFICIAL,Official WHO/UNICEF estimate,6559046.0,4674509,71.3%
Countries,KEN,Kenya,2024,IPV1,Inactivated Polio 1st Dose,OFFICIAL,Official WHO/UNICEF estimate,6685172.0,5206135,77.88
Countries,KEN,Kenya,2024,HPV,Human Papillomavirus Last Dose,OFFICIAL,Official WHO/UNICEF estimate,6572983.0,4517149,68.72
Countries,IDN,Indonesia,2010,MCV1,Measles 1st Dose,OFFICIAL,Official WHO/UNICEF estimate,8452395.0,6784990,80.27
Countries,IDN,Indonesia,2010,MCV2,Measles 2nd Dose,OFFICIAL,Official WHO/UNICEF estimate,8722003.0,5807589,66.59
Countries,IDN,Indonesia,2010,DTP1,Diphtheria-Tetanus-Pertussis 1st Dose,OFFICIAL,Official WHO/UNICEF estimate,8523852.0,7083068,83.1
Countries,IDN,Indonesia,2010,DTP3,Diphtheria-Tetanus-Pertussis 3rd Dose,OFFICIAL,Official WHO/UNICEF estimate,8624791.0,5824991,67.54
Countries,IDN,Indonesia,2010,BCG,Bacillus Calmette-Guérin (Tuberculosis),OFFICIAL,Official WHO/UNICEF estimate,8686513.0,7588751,87.36
Countries,IDN,Indonesia,2010,HEPB3,Hepatitis B 3rd Dose,OFFICIAL,Official WHO/UNICEF estimate,8594796.0,6675391,77.67
Countries,IDN,Indonesia,2010,POL3,Polio 3rd Dose,OFFICIAL,Official WHO/UNICEF estimate,8761570.0,6654562,75.95
Countries,IDN,Indonesia,2010,ROTA,Rotavirus Last Dose,OFFICIAL,Official WHO/UNICEF estimate,8631082.0,6833922,79.18
Countries,IDN,Indonesia,2010,IPV1,Inactivated Polio 1st Dose,OFFICIAL,Official WHO/UNICEF estimate,8293961.0,6543439,78.89
Countries,IDN,Indonesia,2010,HPV,Human Papillomavirus Last Dose,OFFICIAL,Official WHO/UNICEF estimate,8616263.0,5627534,65.31
Countries,IDN,Indonesia,2011,MCV1,Measles 1st Dose,ADMINISTRATIVE,Administrative reports from health facilities,8460472.0,6991575,82.64
Countries,IDN,Indonesia,2011,MCV2,Measles 2nd Dose,ADMINISTRATIVE,Administrative reports from health facilities,8811176.0,6427242,72.94
Countries,IDN,Indonesia,2011,DTP1,Diphtheria-Tetanus-Pertussis 1st Dose,ADMINISTRATIVE,Administrative reports from health facilities,8507096.0,7591747,89.24
Countries,IDN,Indonesia,2011,DTP3,Diphtheria-Tetanus-Pertussis 3rd Dose,ADMINISTRATIVE,Administrative reports from health facilities,8753623.0,6476049,73.98
Countries,IDN,Indonesia,2011,BCG,Bacillus Calmette-Guérin (Tuberculosis),ADMINISTRATIVE,Administrative reports from health facilities,8469138.0,6897046,81.4%
Countries,IDN,Indonesia,2011,HEPB3,Hepatitis B 3rd Dose,ADMINISTRATIVE,Administrative reports from health facilities,8645728.0,7330228,84.78
Countries,IDN,Indonesia,2011,POL3,Polio 3rd Dose,ADMINISTRATIVE,Administrative reports from health facilities,8659540.0,6374614,73.61
Countries,IDN,Indonesia,2011,ROTA,Rotavirus Last Dose,ADMINISTRATIVE,Administrative reports from health facilities,8675009.0,6732192,77.6
Countries,IDN,Indonesia,2011,IPV1,Inactivated Polio 1st Dose,ADMINISTRATIVE,Administrative reports from health facilities,9102342.0,7200411,79.11
Countries,IDN,Indonesia,2011,HPV,Human Papillomavirus Last Dose,ADMINISTRATIVE,Administrative reports from health facilities,8946107.0,6227829,69.61
Countries,IDN,Indonesia,2012,MCV1,Measles 1st Dose,OFFICIAL,Official WHO/UNICEF estimate,8526730.0,7228710,84.78
Countries,IDN,Indonesia,2012,MCV2,Measles 2nd Dose,OFFICIAL,Official WHO/UNICEF estimate,8597419.0,6681648,77.72
Countries,IDN,Indonesia,2012,DTP1,Diphtheria-Tetanus-Pertussis 1st Dose,OFFICIAL,Official WHO/UNICEF estimate,8874725.0,7399996,83.38
Countries,IDN,Indonesia,2012,DTP3,Diphtheria-Tetanus-Pertussis 3rd Dose,OFFICIAL,Official WHO/UNICEF estimate,8619009.0,5966287,69.22
Countries,IDN,Indonesia,2012,BCG,Bacillus Calmette-Guérin (Tuberculosis),OFFICIAL,Official WHO/UNICEF estimate,8838025.0,7811884,88.39
Countries,IDN,Indonesia,2012,HEPB3,Hepatitis B 3rd Dose,OFFICIAL,Official WHO/UNICEF estimate,8763088.0,7371998,84.13
Countries,IDN,Indonesia,2012,POL3,Polio 3rd Dose,OFFICIAL,Official WHO/UNICEF estimate,8352136.0,5966204,71.43
Countries,IDN,Indonesia,2012,ROTA,Rotavirus Last Dose,OFFICIAL,Official WHO/UNICEF estimate,9121498.0,7010473,76.86
Countries,IDN,Indonesia,2012,IPV1,Inactivated Polio 1st Dose,OFFICIAL,Official WHO/UNICEF estimate,8914258.0,7264058,81.49
Countries,IDN,Indonesia,2012,HPV,Human Papillomavirus Last Dose,OFFICIAL,Official WHO/UNICEF estimate,8877774.0,6943749,78.21
Countries,IDN,Indonesia,2013,MCV1,Measles 1st Dose,ADMINISTRATIVE,Administrative reports from health facilities,9005279.0,7949928,88.28
Countries,IDN,Indonesia,2013,MCV2,Measles 2nd Dose,ADMINISTRATIVE,Administrative reports from health facilities,8833974.0,6538160,74.01
Countries,IDN,Indonesia,2013,DTP1,Diphtheria-Tetanus-Pertussis 1st Dose,ADMINISTRATIVE,Administrative reports from health facilities,8965309.0,7789397,86.88
Countries,IDN,Indonesia,2013,DTP3,Diphtheria-Tetanus-Pertussis 3rd Dose,ADMINISTRATIVE,Administrative reports from health facilities,8952264.0,6203057,69.29
Countries,IDN,Indonesia,2013,BCG,Bacillus Calmette-Guérin (Tuberculosis),ADMINISTRATIVE,Administrative reports from health facilities,8443676.0,7393750,87.57
Countries,IDN,Indonesia,2013,HEPB3,Hepatitis B 3rd Dose,ADMINISTRATIVE,Administrative reports from health facilities,8821098.0,6869433,77.88
Countries,IDN,Indonesia,2013,POL3,Polio 3rd Dose,ADMINISTRATIVE,Administrative reports from health facilities,9079148.0,7032923,77.46
Countries,IDN,Indonesia,2013,ROTA,Rotavirus Last Dose,ADMINISTRATIVE,Administrative reports from health facilities,8884602.0,6698901,75.4
Countries,IDN,Indonesia,2013,IPV1,Inactivated Polio 1st Dose,ADMINISTRATIVE,Administrative reports from health facilities,9032390.0,7161312,79.28
Countries,IDN,Indonesia,2013,HPV,Human Papillomavirus Last Dose,ADMINISTRATIVE,Administrative reports from health facilities,8792361.0,6125964,69.67
Countries,IDN,Indonesia,2014,MCV1,Measles 1st Dose,OFFICIAL,Official WHO/UNICEF estimate,9069835.0,7601524,83.81
Countries,IDN,Indonesia,2014,MCV2,Measles 2nd Dose,OFFICIAL,Official WHO/UNICEF estimate,9116052.0,6376999,69.95
Countries,IDN,Indonesia,2014,DTP1,Diphtheria-Tetanus-Pertussis 1st Dose,OFFICIAL,Official WHO/UNICEF estimate,8902237.0,7762971,87.2
Countries,IDN,Indonesia,2014,DTP3,Diphtheria-Tetanus-Pertussis 3rd Dose,OFFICIAL,Official WHO/UNICEF estimate,8872955.0,6450161,72.69
Countries,IDN,Indonesia,2014,BCG,Bacillus Calmette-Guérin (Tuberculosis),OFFICIAL,Official WHO/UNICEF estimate,8910262.0,8378903,94.04
Countries,IDN,Indonesia,2014,HEPB3,Hepatitis B 3rd Dose,OFFICIAL,Official WHO/UNICEF estimate,9011816.0,7180460,79.68
Countries,IDN,Indonesia,2014,POL3,Polio 3rd Dose,OFFICIAL,Official WHO/UNICEF estimate,8631769.0,6826922,79.09
Countries,IDN,Indonesia,2014,ROTA,Rotavirus Last Dose,OFFICIAL,Official WHO/UNICEF estimate,9009822.0,7475729,82.97
Countries,IDN,Indonesia,2014,IPV1,Inactivated Polio 1st Dose,OFFICIAL,Official WHO/UNICEF estimate,9112590.0,6868784,75.38
Countries,IDN,Indonesia,2014,HPV,Human Papillomavirus Last Dose,OFFICIAL,Official WHO/UNICEF estimate,9211098.0,6627049,71.9%
Countries,IDN,Indonesia,2015,MCV1,Measles 1st Dose,ADMINISTRATIVE,Administrative reports from health facilities,8706947.0,8071532,92.7
Countries,IDN,Indonesia,2015,MCV2,Measles 2nd Dose,ADMINISTRATIVE,Administrative reports from health facilities,8974253.0,7301320,81.36
Countries,IDN,Indonesia,2015,DTP1,Diphtheria-Tetanus-Pertussis 1st Dose,ADMINISTRATIVE,Administrative reports from health facilities,9451896.0,8185080,86.6%
Countries,IDN,Indonesia,2015,DTP3,Diphtheria-Tetanus-Pertussis 3rd Dose,ADMINISTRATIVE,Administrative reports from health facilities,8852098.0,6574412,74.27
Countries,IDN,Indonesia,2015,BCG,Bacillus Calmette-Guérin (Tuberculosis),ADMINISTRATIVE,Administrative reports from health facilities,9179160.0,7880397,85.85
Countries,IDN,Indonesia,2015,HEPB3,Hepatitis B 3rd Dose,ADMINISTRATIVE,Administrative reports from health facilities,9190693.0,8029547,87.37
Countries,IDN,Indonesia,2015,POL3,Polio 3rd Dose,ADMINISTRATIVE,Administrative reports from health facilities,9001033.0,7182898,79.8%
Countries,IDN,Indonesia,2015,ROTA,Rotavirus Last Dose,ADMINISTRATIVE,Administrative reports from health facilities,8746230.0,6844603,78.26
Countries,IDN,Indonesia,2015,IPV1,Inactivated Polio 1st Dose,ADMINISTRATIVE,Administrative reports from health facilities,9005803.0,7986105,88.68
Countries,IDN,Indonesia,2015,HPV,Human Papillomavirus Last Dose,ADMINISTRATIVE,Administrative reports from health facilities,8988114.0,6777727,75.41
Countries,IDN,Indonesia,2016,MCV1,Measles 1st Dose,OFFICIAL,Official WHO/UNICEF estimate,9290431.0,8367542,90.07
Countries,IDN,Indonesia,2016,MCV2,Measles 2nd Dose,OFFICIAL,Official WHO/UNICEF estimate,9344112.0,7680225,82.19
Countries,IDN,Indonesia,2016,DTP1,Diphtheria-Tetanus-Pertussis 1st Dose,OFFICIAL,Official WHO/UNICEF estimate,8988012.0,7907731,87.98
Countries,IDN,Indonesia,2016,DTP3,Diphtheria-Tetanus-Pertussis 3rd Dose,OFFICIAL,Official WHO/UNICEF estimate,9230593.0,7078564,76.69
Countries,IDN,Indonesia,2016,BCG,Bacillus Calmette-Guérin (Tuberculosis),OFFICIAL,Official WHO/UNICEF estimate,8979217.0,7837765,87.29
Countries,IDN,Indonesia,2016,HEPB3,Hepatitis B 3rd Dose,OFFICIAL,Official WHO/UNICEF estimate,9247715.0,7821355,84.58
Countries,IDN,Indonesia,2016,POL3,Polio 3rd Dose,OFFICIAL,Official WHO/UNICEF estimate,8950220.0,7070388,79.0
Countries,IDN,Indonesia,2016,ROTA,Rotavirus Last Dose,OFFICIAL,Official WHO/UNICEF estimate,8950235.0,7433001,83.05
Countries,IDN,Indonesia,2016,IPV1,Inactivated Polio 1st Dose,OFFICIAL,Official WHO/UNICEF estimate,9197505.0,7802275,84.83
Countries,IDN,Indonesia,2016,HPV,Human Papillomavirus Last Dose,OFFICIAL,Official WHO/UNICEF estimate,8956707.0,6871137,76.71
Countries,IDN,Indonesia,2017,MCV1,Measles 1st Dose,ADMINISTRATIVE,Administrative reports from health facilities,9227796.0,7945390,86.1
Countries,IDN,Indonesia,2017,MCV2,Measles 2nd Dose,ADMINISTRATIVE,Administrative reports from health facilities,9016817.0,6643997,73.68
Countries,IDN,Indonesia,2017,DTP1,Diphtheria-Tetanus-Pertussis 1st Dose,ADMINISTRATIVE,Administrative reports from health facilities,8934971.0,7835448,87.69
Countries,IDN,Indonesia,2017,DTP3,Diphtheria-Tetanus-Pertussis 3rd Dose,ADMINISTRATIVE,Administrative reports from health facilities,9292207.0,7290566,78.46
Countries,IDN,Indonesia,2017,BCG,Bacillus Calmette-Guérin (Tuberculosis),ADMINISTRATIVE,Administrative reports from health facilities,8773818.0,7904808,90.1
Countries,IDN,Indonesia,2017,HEPB3,Hepatitis B 3rd Dose,ADMINISTRATIVE,Administrative reports from health facilities,9240788.0,7611573,82.37
Countries,IDN,Indonesia,2017,POL3,Polio 3rd Dose,ADMINISTRATIVE,Administrative reports from health facilities,9052436.0,7087855,78.3
Countries,IDN,Indonesia,2017,ROTA,Rotavirus Last Dose,ADMINISTRATIVE,Administrative reports from health facilities,9329413.0,7664906,82.16
Countries,IDN,Indonesia,2017,IPV1,Inactivated Polio 1st Dose,ADMINISTRATIVE,Administrative reports from health facilities,9103427.0,7654529,84.08
Countries,IDN,Indonesia,2017,HPV,Human Papillomavirus Last Dose,ADMINISTRATIVE,Administrative reports from health facilities,9405909.0,6721160,71.46
Countries,IDN,Indonesia,2018,MCV1,Measles 1st Dose,OFFICIAL,Official WHO/UNICEF estimate,8823131.0,7503833,85.05
Countries,IDN,Indonesia,2018,MCV2,Measles 2nd Dose,OFFICIAL,Official WHO/UNICEF estimate,9250327.0,7453509,80.58
Countries,IDN,Indonesia,2018,DTP1,Diphtheria-Tetanus-Pertussis 1st Dose,OFFICIAL,Official WHO/UNICEF estimate,9468282.0,8421283,88.94
Countries,IDN,Indonesia,2018,DTP3,Diphtheria-Tetanus-Pertussis 3rd Dose,OFFICIAL,Official WHO/UNICEF estimate,9502819.0,7113142,74.85
Countries,IDN,Indonesia,2018,BCG,Bacillus Calmette-Guérin (Tuberculosis),OFFICIAL,Official WHO/UNICEF estimate,9576642.0,8784556,91.73
Countries,IDN,Indonesia,2018,HEPB3,Hepatitis B 3rd Dose,OFFICIAL,Official WHO/UNICEF estimate,9131229.0,7634816,83.61
Countries,IDN,Indonesia,2018,POL3,Polio 3rd Dose,OFFICIAL,Official WHO/UNICEF estimate,9054276.0,8050677,88.92
Countries,IDN,Indonesia,2018,ROTA,Rotavirus Last Dose,OFFICIAL,Official WHO/UNICEF estimate,9346835.0,7794456,83.39
Countries,IDN,Indonesia,2018,IPV1,Inactivated Polio 1st Dose,OFFICIAL,Official WHO/UNICEF estimate,9458113.0,8044224,85.05
Countries,IDN,Indonesia,2018,HPV,Human Papillomavirus Last Dose,OFFICIAL,Official WHO/UNICEF estimate,9286114.0,7484491,80.6
Countries,IDN,Indonesia,2019,MCV1,Measles 1st Dose,ADMINISTRATIVE,Administrative reports from health facilities,9220217.0,8199623,88.93
Countries,IDN,Indonesia,2019,MCV2,Measles 2nd Dose,ADMINISTRATIVE,Administrative reports from health facilities,9327687.0,6890784,73.87
Countries,IDN,Indonesia,2019,DTP1,Diphtheria-Tetanus-Pertussis 1st Dose,ADMINISTRATIVE,Administrative reports from health facilities,9242521.0,8085102,87.48
Countries,IDN,Indonesia,2019,DTP3,Diphtheria-Tetanus-Pertussis 3rd Dose,ADMINISTRATIVE,Administrative reports from health facilities,9400273.0,7375856,78.46
Countries,IDN,Indonesia,2019,BCG,Bacillus Calmette-Guérin (Tuberculosis),ADMINISTRATIVE,Administrative reports from health facilities,9496483.0,8801615,92.7%
Countries,IDN,Indonesia,2019,HEPB3,Hepatitis B 3rd Dose,ADMINISTRATIVE,Administrative reports from health facilities,9523975.0,7976219,83.7%
Countries,IDN,Indonesia,2019,POL3,Polio 3rd Dose,ADMINISTRATIVE,Administrative reports from health facilities,9432494.0,7883845,83.58
Countries,IDN,Indonesia,2019,ROTA,Rotavirus Last Dose,ADMINISTRATIVE,Administrative reports from health facilities,9522605.0,7788173,81.79
Countries,IDN,Indonesia,2019,IPV1,Inactivated Polio 1st Dose,ADMINISTRATIVE,Administrative reports from health facilities,9312709.0,8602476,92.37
Countries,IDN,Indonesia,2019,HPV,Human Papillomavirus Last Dose,ADMINISTRATIVE,Administrative reports from health facilities,9427023.0,6933151,73.55
Countries,IDN,Indonesia,2020,MCV1,Measles 1st Dose,OFFICIAL,Official WHO/UNICEF estimate,9471521.0,8202425,86.6
Countries,IDN,Indonesia,2020,MCV2,Measles 2nd Dose,OFFICIAL,Official WHO/UNICEF estimate,9172218.0,6439195,70.2
Countries,IDN,Indonesia,2020,DTP1,Diphtheria-Tetanus-Pertussis 1st Dose,OFFICIAL,Official WHO/UNICEF estimate,9514953.0,8089682,85.02
Countries,IDN,Indonesia,2020,DTP3,Diphtheria-Tetanus-Pertussis 3rd Dose,OFFICIAL,Official WHO/UNICEF estimate,9618508.0,6679694,69.4%
Countries,IDN,Indonesia,2020,BCG,Bacillus Calmette-Guérin (Tuberculosis),OFFICIAL,Official WHO/UNICEF estimate,9472001.0,7251090,76.55
Countries,IDN,Indonesia,2020,HEPB3,Hepatitis B 3rd Dose,OFFICIAL,Official WHO/UNICEF estimate,9219895.0,7255007,78.69
Countries,IDN,Indonesia,2020,POL3,Polio 3rd Dose,OFFICIAL,Official WHO/UNICEF estimate,9294333.0,7337281,78.94
Countries,IDN,Indonesia,2020,ROTA,Rotavirus Last Dose,OFFICIAL,Official WHO/UNICEF estimate,9482325.0,7760766,81.84
Countries,IDN,Indonesia,2020,IPV1,Inactivated Polio 1st Dose,OFFICIAL,Official WHO/UNICEF estimate,9264763.0,7117731,76.83
Countries,IDN,Indonesia,2020,HPV,Human Papillomavirus Last Dose,OFFICIAL,Official WHO/UNICEF estimate,9154086.0,6222903,67.98
Countries,IDN,Indonesia,2021,MCV1,Measles 1st Dose,ADMINISTRATIVE,Administrative reports from health facilities,9601285.0,8616551,89.74
Countries,IDN,Indonesia,2021,MCV2,Measles 2nd Dose,ADMINISTRATIVE,Administrative reports from health facilities,9683686.0,6565509,67.8
Countries,IDN,Indonesia,2021,DTP1,Diphtheria-Tetanus-Pertussis 1st Dose,ADMINISTRATIVE,Administrative reports from health facilities,9440437.0,8021276,84.97
Countries,IDN,Indonesia,2021,DTP3,Diphtheria-Tetanus-Pertussis 3rd Dose,ADMINISTRATIVE,Administrative reports from health facilities,9366922.0,6523628,69.65
Countries,IDN,Indonesia,2021,BCG,Bacillus Calmette-Guérin (Tuberculosis),ADMINISTRATIVE,Administrative reports from health facilities,,8459918,87.08
Countries,IDN,Indonesia,2021,HEPB3,Hepatitis B 3rd Dose,ADMINISTRATIVE,Administrative reports from health facilities,9430243.0,7937033,84.17
Countries,IDN,Indonesia,2021,POL3,Polio 3rd Dose,ADMINISTRATIVE,Administrative reports from health facilities,9625926.0,7212459,74.93
Countries,IDN,Indonesia,2021,ROTA,Rotavirus Last Dose,ADMINISTRATIVE,Administrative reports from health facilities,9781052.0,7867365,80.43
Countries,IDN,Indonesia,2021,IPV1,Inactivated Polio 1st Dose,ADMINISTRATIVE,Administrative reports from health facilities,9541679.0,8049104,84.36
Countries,IDN,Indonesia,2021,HPV,Human Papillomavirus Last Dose,ADMINISTRATIVE,Administrative reports from health facilities,9584620.0,7528771,78.55
Countries,IDN,Indonesia,2022,MCV1,Measles 1st Dose,OFFICIAL,Official WHO/UNICEF estimate,9298715.0,8630876,92.82
Countries,IDN,Indonesia,2022,MCV2,Measles 2nd Dose,OFFICIAL,Official WHO/UNICEF estimate,9588758.0,7313535,76.3%
Countries,IDN,Indonesia,2022,DTP1,Diphtheria-Tetanus-Pertussis 1st Dose,OFFICIAL,Official WHO/UNICEF estimate,9691654.0,8964964,92.5
Countries,IDN,Indonesia,2022,DTP3,Diphtheria-Tetanus-Pertussis 3rd Dose,OFFICIAL,Official WHO/UNICEF estimate,9779464.0,7598127,77.69
Countries,IDN,Indonesia,2022,BCG,Bacillus Calmette-Guérin (Tuberculosis),OFFICIAL,Official WHO/UNICEF estimate,9790631.0,9315738,95.15
Countries,IDN,Indonesia,2022,HEPB3,Hepatitis B 3rd Dose,OFFICIAL,Official WHO/UNICEF estimate,9638732.0,9060876,94.0
Countries,IDN,Indonesia,2022,POL3,Polio 3rd Dose,OFFICIAL,Official WHO/UNICEF estimate,9543529.0,8741462,91.6%
Countries,IDN,Indonesia,2022,ROTA,Rotavirus Last Dose,OFFICIAL,Official WHO/UNICEF estimate,9594106.0,8274444,86.25
Countries,IDN,Indonesia,2022,IPV1,Inactivated Polio 1st Dose,OFFICIAL,Official WHO/UNICEF estimate,9453942.0,8724317,92.28
Countries,IDN,Indonesia,2022,HPV,Human Papillomavirus Last Dose,OFFICIAL,Official WHO/UNICEF estimate,9684321.0,7746405,79.99
Countries,IDN,Indonesia,2023,MCV1,Measles 1st Dose,ADMINISTRATIVE,Administrative reports from health facilities,9486218.0,8838489,93.17
Countries,IDN,Indonesia,2023,MCV2,Measles 2nd Dose,ADMINISTRATIVE,Administrative reports from health facilities,9405750.0,7731779,82.2
Countries,IDN,Indonesia,2023,DTP1,Diphtheria-Tetanus-Pertussis 1st Dose,ADMINISTRATIVE,Administrative reports from health facilities,9761415.0,9663800,99.0
Countries,IDN,Indonesia,2023,DTP3,Diphtheria-Tetanus-Pertussis 3rd Dose,ADMINISTRATIVE,Administrative reports from health facilities,9709006.0,8110611,83.54
Countries,IDN,Indonesia,2023,BCG,Bacillus Calmette-Guérin (Tuberculosis),ADMINISTRATIVE,Administrative reports from health facilities,9725615.0,9512109,97.8
Countries,IDN,Indonesia,2023,HEPB3,Hepatitis B 3rd Dose,ADMINISTRATIVE,Administrative reports from health facilities,9683708.0,8670403,89.54
Countries,IDN,Indonesia,2023,POL3,Polio 3rd Dose,ADMINISTRATIVE,Administrative reports from health facilities,9763257.0,9052025,92.72
Countries,IDN,Indonesia,2023,ROTA,Rotavirus Last Dose,ADMINISTRATIVE,Administrative reports from health facilities,9934431.0,8495284,85.51
Countries,IDN,Indonesia,2023,IPV1,Inactivated Polio 1st Dose,ADMINISTRATIVE,Administrative reports from health facilities,9664504.0,9160231,94.78
Countries,IDN,Indonesia,2023,HPV,Human Papillomavirus Last Dose,ADMINISTRATIVE,Administrative reports from health facilities,9603847.0,8103948,84.38
Countries,IDN,Indonesia,2024,MCV1,Measles 1st Dose,OFFICIAL,Official WHO/UNICEF estimate,10103549.0,9869652,97.69
Countries,IDN,Indonesia,2024,MCV2,Measles 2nd Dose,OFFICIAL,Official WHO/UNICEF estimate,9851303.0,8664152,87.95
Countries,IDN,Indonesia,2024,DTP1,Diphtheria-Tetanus-Pertussis 1st Dose,OFFICIAL,Official WHO/UNICEF estimate,9738367.0,9423437,96.77
Countries,IDN,Indonesia,2024,DTP3,Diphtheria-Tetanus-Pertussis 3rd Dose,OFFICIAL,Official WHO/UNICEF estimate,9740024.0,7732453,79.39
Countries,IDN,Indonesia,2024,BCG,Bacillus Calmette-Guérin (Tuberculosis),OFFICIAL,Official WHO/UNICEF estimate,9857590.0,9093647,92.25
Countries,IDN,Indonesia,2024,HEPB3,Hepatitis B 3rd Dose,OFFICIAL,Official WHO/UNICEF estimate,9760739.0,8685272,88.98
Countries,IDN,Indonesia,2024,POL3,Polio 3rd Dose,OFFICIAL,Official WHO/UNICEF estimate,9620097.0,9006641,93.62
Countries,IDN,Indonesia,2024,ROTA,Rotavirus Last Dose,OFFICIAL,Official WHO/UNICEF estimate,9720502.0,8481475,87.25
Countries,IDN,Indonesia,2024,IPV1,Inactivated Polio 1st Dose,OFFICIAL,Official WHO/UNICEF estimate,9799058.0,9158244,93.46
Countries,IDN,Indonesia,2024,HPV,Human Papillomavirus Last Dose,OFFICIAL,Official WHO/UNICEF estimate,9852248.0,8295522,84.2
Countries,EGY,Egypt,2010,MCV1,Measles 1st Dose,OFFICIAL,Official WHO/UNICEF estimate,17664649.0,12024994,68.07
Countries,EGY,Egypt,2010,MCV2,Measles 2nd Dose,OFFICIAL,Official WHO/UNICEF estimate,17076810.0,10330054,60.49
Countries,EGY,Egypt,2010,DTP1,Diphtheria-Tetanus-Pertussis 1st Dose,OFFICIAL,Official WHO/UNICEF estimate,17075105.0,12577232,73.66
Countries,EGY,Egypt,2010,DTP3,Diphtheria-Tetanus-Pertussis 3rd Dose,OFFICIAL,Official WHO/UNICEF estimate,16489847.0,9567102,58.02
Countries,EGY,Egypt,2010,BCG,Bacillus Calmette-Guérin (Tuberculosis),OFFICIAL,Official WHO/UNICEF estimate,16995420.0,11988148,70.54
Countries,EGY,Egypt,2010,HEPB3,Hepatitis B 3rd Dose,OFFICIAL,Official WHO/UNICEF estimate,17140535.0,9928432,57.92
Countries,EGY,Egypt,2010,POL3,Polio 3rd Dose,OFFICIAL,Official WHO/UNICEF estimate,17300352.0,11203979,64.76
Countries,EGY,Egypt,2010,ROTA,Rotavirus Last Dose,OFFICIAL,Official WHO/UNICEF estimate,17509592.0,12091744,69.06
Countries,EGY,Egypt,2010,IPV1,Inactivated Polio 1st Dose,OFFICIAL,Official WHO/UNICEF estimate,17239111.0,10929300,63.4
Countries,EGY,Egypt,2010,HPV,Human Papillomavirus Last Dose,OFFICIAL,Official WHO/UNICEF estimate,17027511.0,10008792,58.8%
Countries,EGY,Egypt,2011,MCV1,Measles 1st Dose,ADMINISTRATIVE,Administrative reports from health facilities,17275469.0,11506464,66.61
Countries,EGY,Egypt,2011,MCV2,Measles 2nd Dose,ADMINISTRATIVE,Administrative reports from health facilities,16822487.0,10433832,62.02
Countries,EGY,Egypt,2011,DTP1,Diphtheria-Tetanus-Pertussis 1st Dose,ADMINISTRATIVE,Administrative reports from health facilities,17074842.0,11671287,68.35
Countries,EGY,Egypt,2011,DTP3,Diphtheria-Tetanus-Pertussis 3rd Dose,ADMINISTRATIVE,Administrative reports from health facilities,17588711.0,9566600,54.39
Countries,EGY,Egypt,2011,BCG,Bacillus Calmette-Guérin (Tuberculosis),ADMINISTRATIVE,Administrative reports from health facilities,17598510.0,12247667,69.59
Countries,EGY,Egypt,2011,HEPB3,Hepatitis B 3rd Dose,ADMINISTRATIVE,Administrative reports from health facilities,16747417.0,11045801,65.96
Countries,EGY,Egypt,2011,POL3,Polio 3rd Dose,ADMINISTRATIVE,Administrative reports from health facilities,17692620.0,11388283,64.37
Countries,EGY,Egypt,2011,ROTA,Rotavirus Last Dose,ADMINISTRATIVE,Administrative reports from health facilities,17231471.0,11431483,66.3%
Countries,EGY,Egypt,2011,IPV1,Inactivated Polio 1st Dose,ADMINISTRATIVE,Administrative reports from health facilities,16977232.0,11896114,70.07
Countries,EGY,Egypt,2011,HPV,Human Papillomavirus Last Dose,ADMINISTRATIVE,Administrative reports from health facilities,17656418.0,9837384,55.72
Countries,EGY,Egypt,2012,MCV1,Measles 1st Dose,OFFICIAL,Official WHO/UNICEF estimate,17122531.0,12839290,74.98
Countries,EGY,Egypt,2012,MCV2,Measles 2nd Dose,OFFICIAL,Official WHO/UNICEF estimate,17297074.0,10422461,60.26
Countries,EGY,Egypt,2012,DTP1,Diphtheria-Tetanus-Pertussis 1st Dose,OFFICIAL,Official WHO/UNICEF estimate,17409820.0,11382207,65.38
Countries,EGY,Egypt,2012,DTP3,Diphtheria-Tetanus-Pertussis 3rd Dose,OFFICIAL,Official WHO/UNICEF estimate,17870964.0,11691041,65.42
Countries,EGY,Egypt,2012,BCG,Bacillus Calmette-Guérin (Tuberculosis),OFFICIAL,Official WHO/UNICEF estimate,16975344.0,12295955,72.43
Countries,EGY,Egypt,2012,HEPB3,Hepatitis B 3rd Dose,OFFICIAL,Official WHO/UNICEF estimate,17535146.0,10428717,59.47
Countries,EGY,Egypt,2012,POL3,Polio 3rd Dose,OFFICIAL,Official WHO/UNICEF estimate,17764739.0,12082641,68.01
Countries,EGY,Egypt,2012,ROTA,Rotavirus Last Dose,OFFICIAL,Official WHO/UNICEF estimate,17752492.0,12190644,68.67
Countries,EGY,Egypt,2012,IPV1,Inactivated Polio 1st Dose,OFFICIAL,Official WHO/UNICEF estimate,17929487.0,12114614,67.57
Countries,EGY,Egypt,2012,HPV,Human Papillomavirus Last Dose,OFFICIAL,Official WHO/UNICEF estimate,17529964.0,9950058,56.76
Countries,EGY,Egypt,2013,MCV1,Measles 1st Dose,ADMINISTRATIVE,Administrative reports from health facilities,17503016.0,11779919,67.3
Countries,EGY,Egypt,2013,MCV2,Measles 2nd Dose,ADMINISTRATIVE,Administrative reports from health facilities,17912493.0,11263476,62.88
Countries,EGY,Egypt,2013,DTP1,Diphtheria-Tetanus-Pertussis 1st Dose,ADMINISTRATIVE,Administrative reports from health facilities,18392050.0,11973075,65.1
Countries,EGY,Egypt,2013,DTP3,Diphtheria-Tetanus-Pertussis 3rd Dose,ADMINISTRATIVE,Administrative reports from health facilities,17751108.0,10641779,59.95
Countries,EGY,Egypt,2013,BCG,Bacillus Calmette-Guérin (Tuberculosis),ADMINISTRATIVE,Administrative reports from health facilities,17551684.0,12509760,71.27
Countries,EGY,Egypt,2013,HEPB3,Hepatitis B 3rd Dose,ADMINISTRATIVE,Administrative reports from health facilities,17891639.0,12150288,67.91
Countries,EGY,Egypt,2013,POL3,Polio 3rd Dose,ADMINISTRATIVE,Administrative reports from health facilities,17507591.0,11998860,68.54
Countries,EGY,Egypt,2013,ROTA,Rotavirus Last Dose,ADMINISTRATIVE,Administrative reports from health facilities,17359376.0,11152991,64.25
Countries,EGY,Egypt,2013,IPV1,Inactivated Polio 1st Dose,ADMINISTRATIVE,Administrative reports from health facilities,18014439.0,12822713,71.18
Countries,EGY,Egypt,2013,HPV,Human Papillomavirus Last Dose,ADMINISTRATIVE,Administrative reports from health facilities,18058800.0,11034932,61.11
Countries,EGY,Egypt,2014,MCV1,Measles 1st Dose,OFFICIAL,Official WHO/UNICEF estimate,18153248.0,13390178,73.8%
Countries,EGY,Egypt,2014,MCV2,Measles 2nd Dose,OFFICIAL,Official WHO/UNICEF estimate,18163308.0,11278175,62.09
Countries,EGY,Egypt,2014,DTP1,Diphtheria-Tetanus-Pertussis 1st Dose,OFFICIAL,Official WHO/UNICEF estimate,17004238.0,11987215,70.5
Countries,EGY,Egypt,2014,DTP3,Diphtheria-Tetanus-Pertussis 3rd Dose,OFFICIAL,Official WHO/UNICEF estimate,17192651.0,10507672,61.12
Countries,EGY,Egypt,2014,BCG,Bacillus Calmette-Guérin (Tuberculosis),OFFICIAL,Official WHO/UNICEF estimate,17100322.0,12478451,72.97
Countries,EGY,Egypt,2014,HEPB3,Hepatitis B 3rd Dose,OFFICIAL,Official WHO/UNICEF estimate,18187251.0,13202837,72.59
Countries,EGY,Egypt,2014,POL3,Polio 3rd Dose,OFFICIAL,Official WHO/UNICEF estimate,17572308.0,12199802,69.4%
Countries,EGY,Egypt,2014,ROTA,Rotavirus Last Dose,OFFICIAL,Official WHO/UNICEF estimate,17096158.0,10593795,61.97
Countries,EGY,Egypt,2014,IPV1,Inactivated Polio 1st Dose,OFFICIAL,Official WHO/UNICEF estimate,18101372.0,11994726,66.26
Countries,EGY,Egypt,2014,HPV,Human Papillomavirus Last Dose,OFFICIAL,Official WHO/UNICEF estimate,18034141.0,10641568,59.01
Countries,EGY,Egypt,2015,MCV1,Measles 1st Dose,ADMINISTRATIVE,Administrative reports from health facilities,18267755.0,14053676,76.9%
Countries,EGY,Egypt,2015,MCV2,Measles 2nd Dose,ADMINISTRATIVE,Administrative reports from health facilities,17772561.0,9636525,54.22
Countries,EGY,Egypt,2015,DTP1,Diphtheria-Tetanus-Pertussis 1st Dose,ADMINISTRATIVE,Administrative reports from health facilities,18548222.0,14223260,76.68
Countries,EGY,Egypt,2015,DTP3,Diphtheria-Tetanus-Pertussis 3rd Dose,ADMINISTRATIVE,Administrative reports from health facilities,18135968.0,11792705,65.0%
Countries,EGY,Egypt,2015,BCG,Bacillus Calmette-Guérin (Tuberculosis),ADMINISTRATIVE,Administrative reports from health facilities,18133272.0,14404487,79.44
Countries,EGY,Egypt,2015,HEPB3,Hepatitis B 3rd Dose,ADMINISTRATIVE,Administrative reports from health facilities,18261511.0,11608789,63.6%
Countries,EGY,Egypt,2015,POL3,Polio 3rd Dose,ADMINISTRATIVE,Administrative reports from health facilities,18669360.0,13658520,73.16
Countries,EGY,Egypt,2015,ROTA,Rotavirus Last Dose,ADMINISTRATIVE,Administrative reports from health facilities,17636855.0,11811391,66.97
Countries,EGY,Egypt,2015,IPV1,Inactivated Polio 1st Dose,ADMINISTRATIVE,Administrative reports from health facilities,18177568.0,13083355,71.98
Countries,EGY,Egypt,2015,HPV,Human Papillomavirus Last Dose,ADMINISTRATIVE,Administrative reports from health facilities,18475091.0,11478786,62.13
Countries,EGY,Egypt,2016,MCV1,Measles 1st Dose,OFFICIAL,Official WHO/UNICEF estimate,18382429.0,14478058,78.76
Countries,EGY,Egypt,2016,MCV2,Measles 2nd Dose,OFFICIAL,Official WHO/UNICEF estimate,18465730.0,11113766,60.19
Countries,EGY,Egypt,2016,DTP1,Diphtheria-Tetanus-Pertussis 1st Dose,OFFICIAL,Official WHO/UNICEF estimate,18304020.0,13109187,71.62
Countries,EGY,Egypt,2016,DTP3,Diphtheria-Tetanus-Pertussis 3rd Dose,OFFICIAL,Official WHO/UNICEF estimate,17658036.0,10891699,61.68
Countries,EGY,Egypt,2016,BCG,Bacillus Calmette-Guérin (Tuberculosis),OFFICIAL,Official WHO/UNICEF estimate,18007326.0,13914701,77.27
Countries,EGY,Egypt,2016,HEPB3,Hepatitis B 3rd Dose,OFFICIAL,Official WHO/UNICEF estimate,17876914.0,12725497,71.18
Countries,EGY,Egypt,2016,POL3,Polio 3rd Dose,OFFICIAL,Official WHO/UNICEF estimate,18782035.0,13673031,72.8
Countries,EGY,Egypt,2016,ROTA,Rotavirus Last Dose,OFFICIAL,Official WHO/UNICEF estimate,17795633.0,11069974,62.21
Countries,EGY,Egypt,2016,IPV1,Inactivated Polio 1st Dose,OFFICIAL,Official WHO/UNICEF estimate,17741250.0,11788045,66.44
Countries,EGY,Egypt,2016,HPV,Human Papillomavirus Last Dose,OFFICIAL,Official WHO/UNICEF estimate,18336173.0,11194373,61.05
Countries,EGY,Egypt,2017,MCV1,Measles 1st Dose,ADMINISTRATIVE,Administrative reports from health facilities,18468839.0,14593458,79.02
Countries,EGY,Egypt,2017,MCV2,Measles 2nd Dose,ADMINISTRATIVE,Administrative reports from health facilities,18353714.0,11911958,64.9
Countries,EGY,Egypt,2017,DTP1,Diphtheria-Tetanus-Pertussis 1st Dose,ADMINISTRATIVE,Administrative reports from health facilities,18056215.0,13458760,74.54
Countries,EGY,Egypt,2017,DTP3,Diphtheria-Tetanus-Pertussis 3rd Dose,ADMINISTRATIVE,Administrative reports from health facilities,18064042.0,11195603,61.98
Countries,EGY,Egypt,2017,BCG,Bacillus Calmette-Guérin (Tuberculosis),ADMINISTRATIVE,Administrative reports from health facilities,18069188.0,14061296,77.82
Countries,EGY,Egypt,2017,HEPB3,Hepatitis B 3rd Dose,ADMINISTRATIVE,Administrative reports from health facilities,18746639.0,12915127,68.89
Countries,EGY,Egypt,2017,POL3,Polio 3rd Dose,ADMINISTRATIVE,Administrative reports from health facilities,18770670.0,14027405,74.73
Countries,EGY,Egypt,2017,ROTA,Rotavirus Last Dose,ADMINISTRATIVE,Administrative reports from health facilities,18188332.0,12807155,70.41
Countries,EGY,Egypt,2017,IPV1,Inactivated Polio 1st Dose,ADMINISTRATIVE,Administrative reports from health facilities,18075837.0,13078394,72.35
Countries,EGY,Egypt,2017,HPV,Human Papillomavirus Last Dose,ADMINISTRATIVE,Administrative reports from health facilities,18158583.0,11839143,65.2
Countries,EGY,Egypt,2018,MCV1,Measles 1st Dose,OFFICIAL,Official WHO/UNICEF estimate,18812561.0,14416811,76.63
Countries,EGY,Egypt,2018,MCV2,Measles 2nd Dose,OFFICIAL,Official WHO/UNICEF estimate,18344049.0,10460913,57.03
Countries,EGY,Egypt,2018,DTP1,Diphtheria-Tetanus-Pertussis 1st Dose,OFFICIAL,Official WHO/UNICEF estimate,18750067.0,14755504,78.7
Countries,EGY,Egypt,2018,DTP3,Diphtheria-Tetanus-Pertussis 3rd Dose,OFFICIAL,Official WHO/UNICEF estimate,18469978.0,11975365,64.84
Countries,EGY,Egypt,2018,BCG,Bacillus Calmette-Guérin (Tuberculosis),OFFICIAL,Official WHO/UNICEF estimate,18217470.0,14656844,80.5%
Countries,EGY,Egypt,2018,HEPB3,Hepatitis B 3rd Dose,OFFICIAL,Official WHO/UNICEF estimate,18673070.0,12675353,67.88
Countries,EGY,Egypt,2018,POL3,Polio 3rd Dose,OFFICIAL,Official WHO/UNICEF estimate,19139853.0,12948939,67.65
Countries,EGY,Egypt,2018,ROTA,Rotavirus Last Dose,OFFICIAL,Official WHO/UNICEF estimate,18353333.0,13612943,74.17
Countries,EGY,Egypt,2018,IPV1,Inactivated Polio 1st Dose,OFFICIAL,Official WHO/UNICEF estimate,18127119.0,13483610,74.38
Countries,EGY,Egypt,2018,HPV,Human Papillomavirus Last Dose,OFFICIAL,Official WHO/UNICEF estimate,18554212.0,12706371,68.48
Countries,EGY,Egypt,2019,MCV1,Measles 1st Dose,ADMINISTRATIVE,Administrative reports from health facilities,18618334.0,14170890,76.11
Countries,EGY,Egypt,2019,MCV2,Measles 2nd Dose,ADMINISTRATIVE,Administrative reports from health facilities,18645006.0,11481081,61.58
Countries,EGY,Egypt,2019,DTP1,Diphtheria-Tetanus-Pertussis 1st Dose,ADMINISTRATIVE,Administrative reports from health facilities,19346474.0,14331990,74.08
Countries,EGY,Egypt,2019,DTP3,Diphtheria-Tetanus-Pertussis 3rd Dose,ADMINISTRATIVE,Administrative reports from health facilities,19006771.0,11825560,62.22
Countries,EGY,Egypt,2019,BCG,Bacillus Calmette-Guérin (Tuberculosis),ADMINISTRATIVE,Administrative reports from health facilities,18382911.0,14510209,78.93
Countries,EGY,Egypt,2019,HEPB3,Hepatitis B 3rd Dose,ADMINISTRATIVE,Administrative reports from health facilities,19130947.0,13686487,71.54
Countries,EGY,Egypt,2019,POL3,Polio 3rd Dose,ADMINISTRATIVE,Administrative reports from health facilities,18350172.0,12953606,70.59
Countries,EGY,Egypt,2019,ROTA,Rotavirus Last Dose,ADMINISTRATIVE,Administrative reports from health facilities,17975156.0,13321433,74.11
Countries,EGY,Egypt,2019,IPV1,Inactivated Polio 1st Dose,ADMINISTRATIVE,Administrative reports from health facilities,19164666.0,13650722,71.23
Countries,EGY,Egypt,2019,HPV,Human Papillomavirus Last Dose,ADMINISTRATIVE,Administrative reports from health facilities,19043134.0,12081752,63.44
Countries,EGY,Egypt,2020,MCV1,Measles 1st Dose,OFFICIAL,Official WHO/UNICEF estimate,,12915298,68.68
Countries,EGY,Egypt,2020,MCV2,Measles 2nd Dose,OFFICIAL,Official WHO/UNICEF estimate,19060920.0,10920367,57.29
Countries,EGY,Egypt,2020,DTP1,Diphtheria-Tetanus-Pertussis 1st Dose,OFFICIAL,Official WHO/UNICEF estimate,18199000.0,13237485,72.74
Countries,EGY,Egypt,2020,DTP3,Diphtheria-Tetanus-Pertussis 3rd Dose,OFFICIAL,Official WHO/UNICEF estimate,,11893963,63.55
Countries,EGY,Egypt,2020,BCG,Bacillus Calmette-Guérin (Tuberculosis),OFFICIAL,Official WHO/UNICEF estimate,18786491.0,13656938,72.7
Countries,EGY,Egypt,2020,HEPB3,Hepatitis B 3rd Dose,OFFICIAL,Official WHO/UNICEF estimate,18856509.0,12528616,66.44
Countries,EGY,Egypt,2020,POL3,Polio 3rd Dose,OFFICIAL,Official WHO/UNICEF estimate,19157975.0,12145073,63.39
Countries,EGY,Egypt,2020,ROTA,Rotavirus Last Dose,OFFICIAL,Official WHO/UNICEF estimate,18641079.0,11961018,64.16
Countries,EGY,Egypt,2020,IPV1,Inactivated Polio 1st Dose,OFFICIAL,Official WHO/UNICEF estimate,18707603.0,11428983,61.09
Countries,EGY,Egypt,2020,HPV,Human Papillomavirus Last Dose,OFFICIAL,Official WHO/UNICEF estimate,17891792.0,10041355,56.12
Countries,EGY,Egypt,2021,MCV1,Measles 1st Dose,ADMINISTRATIVE,Administrative reports from health facilities,18091689.0,11983810,66.24
Countries,EGY,Egypt,2021,MCV2,Measles 2nd Dose,ADMINISTRATIVE,Administrative reports from health facilities,19541750.0,11433917,58.51
Countries,EGY,Egypt,2021,DTP1,Diphtheria-Tetanus-Pertussis 1st Dose,ADMINISTRATIVE,Administrative reports from health facilities,19052743.0,13036920,68.43
Countries,EGY,Egypt,2021,DTP3,Diphtheria-Tetanus-Pertussis 3rd Dose,ADMINISTRATIVE,Administrative reports from health facilities,19279857.0,11265190,58.43
Countries,EGY,Egypt,2021,BCG,Bacillus Calmette-Guérin (Tuberculosis),ADMINISTRATIVE,Administrative reports from health facilities,19804843.0,15004553,75.76
Countries,EGY,Egypt,2021,HEPB3,Hepatitis B 3rd Dose,ADMINISTRATIVE,Administrative reports from health facilities,18789023.0,12806840,68.16
Countries,EGY,Egypt,2021,POL3,Polio 3rd Dose,ADMINISTRATIVE,Administrative reports from health facilities,18902711.0,12347342,65.32
Countries,EGY,Egypt,2021,ROTA,Rotavirus Last Dose,ADMINISTRATIVE,Administrative reports from health facilities,19636671.0,12774472,65.05
Countries,EGY,Egypt,2021,IPV1,Inactivated Polio 1st Dose,ADMINISTRATIVE,Administrative reports from health facilities,18504237.0,12875816,69.58
Countries,EGY,Egypt,2021,HPV,Human Papillomavirus Last Dose,ADMINISTRATIVE,Administrative reports from health facilities,18702175.0,11404756,60.98
Countries,EGY,Egypt,2022,MCV1,Measles 1st Dose,OFFICIAL,Official WHO/UNICEF estimate,19616225.0,16286310,83.02
Countries,EGY,Egypt,2022,MCV2,Measles 2nd Dose,OFFICIAL,Official WHO/UNICEF estimate,19038361.0,12525422,65.79
Countries,EGY,Egypt,2022,DTP1,Diphtheria-Tetanus-Pertussis 1st Dose,OFFICIAL,Official WHO/UNICEF estimate,18996083.0,16288879,85.75
Countries,EGY,Egypt,2022,DTP3,Diphtheria-Tetanus-Pertussis 3rd Dose,OFFICIAL,Official WHO/UNICEF estimate,18910012.0,12067144,63.81
Countries,EGY,Egypt,2022,BCG,Bacillus Calmette-Guérin (Tuberculosis),OFFICIAL,Official WHO/UNICEF estimate,,15515882,80.31
Countries,EGY,Egypt,2022,HEPB3,Hepatitis B 3rd Dose,OFFICIAL,Official WHO/UNICEF estimate,19417357.0,15131863,77.93
Countries,EGY,Egypt,2022,POL3,Polio 3rd Dose,OFFICIAL,Official WHO/UNICEF estimate,19673501.0,15027712,76.4%
Countries,EGY,Egypt,2022,ROTA,Rotavirus Last Dose,OFFICIAL,Official WHO/UNICEF estimate,18739927.0,13328767,71.12
Countries,EGY,Egypt,2022,IPV1,Inactivated Polio 1st Dose,OFFICIAL,Official WHO/UNICEF estimate,19192169.0,14705188,76.62
Countries,EGY,Egypt,2022,HPV,Human Papillomavirus Last Dose,OFFICIAL,Official WHO/UNICEF estimate,19223056.0,13445267,69.94
Countries,EGY,Egypt,2023,MCV1,Measles 1st Dose,ADMINISTRATIVE,Administrative reports from health facilities,19611656.0,15546311,79.27
Countries,EGY,Egypt,2023,MCV2,Measles 2nd Dose,ADMINISTRATIVE,Administrative reports from health facilities,19395101.0,13127472,67.7%
Countries,EGY,Egypt,2023,DTP1,Diphtheria-Tetanus-Pertussis 1st Dose,ADMINISTRATIVE,Administrative reports from health facilities,,17785732,89.76
Countries,EGY,Egypt,2023,DTP3,Diphtheria-Tetanus-Pertussis 3rd Dose,ADMINISTRATIVE,Administrative reports from health facilities,19446522.0,13598932,69.93
Countries,EGY,Egypt,2023,BCG,Bacillus Calmette-Guérin (Tuberculosis),ADMINISTRATIVE,Administrative reports from health facilities,19303842.0,15731032,81.49
Countries,EGY,Egypt,2023,HEPB3,Hepatitis B 3rd Dose,ADMINISTRATIVE,Administrative reports from health facilities,19240323.0,14649024,76.14
Countries,EGY,Egypt,2023,POL3,Polio 3rd Dose,ADMINISTRATIVE,Administrative reports from health facilities,19390984.0,13813870,71.24
Countries,EGY,Egypt,2023,ROTA,Rotavirus Last Dose,ADMINISTRATIVE,Administrative reports from health facilities,19737142.0,15082791,76.42
Countries,EGY,Egypt,2023,IPV1,Inactivated Polio 1st Dose,ADMINISTRATIVE,Administrative reports from health facilities,19419800.0,14104972,72.63
Countries,EGY,Egypt,2023,HPV,Human Papillomavirus Last Dose,ADMINISTRATIVE,Administrative reports from health facilities,19578430.0,13551415,69.22
Countries,EGY,Egypt,2024,MCV1,Measles 1st Dose,OFFICIAL,Official WHO/UNICEF estimate,19481939.0,17108101,87.82
Countries,EGY,Egypt,2024,MCV2,Measles 2nd Dose,OFFICIAL,Official WHO/UNICEF estimate,19613471.0,12780350,65.16
Countries,EGY,Egypt,2024,DTP1,Diphtheria-Tetanus-Pertussis 1st Dose,OFFICIAL,Official WHO/UNICEF estimate,19440103.0,15819246,81.37
Countries,EGY,Egypt,2024,DTP3,Diphtheria-Tetanus-Pertussis 3rd Dose,OFFICIAL,Official WHO/UNICEF estimate,19681196.0,13054212,66.33
Countries,EGY,Egypt,2024,BCG,Bacillus Calmette-Guérin (Tuberculosis),OFFICIAL,Official WHO/UNICEF estimate,19827850.0,15836706,79.87
Countries,EGY,Egypt,2024,HEPB3,Hepatitis B 3rd Dose,OFFICIAL,Official WHO/UNICEF estimate,19711847.0,15484011,78.55
Countries,EGY,Egypt,2024,POL3,Polio 3rd Dose,OFFICIAL,Official WHO/UNICEF estimate,19665593.0,14300720,72.72
Countries,EGY,Egypt,2024,ROTA,Rotavirus Last Dose,OFFICIAL,Official WHO/UNICEF estimate,19853543.0,15843712,79.8
Countries,EGY,Egypt,2024,IPV1,Inactivated Polio 1st Dose,OFFICIAL,Official WHO/UNICEF estimate,19586529.0,15367503,78.46
Countries,EGY,Egypt,2024,HPV,Human Papillomavirus Last Dose,OFFICIAL,Official WHO/UNICEF estimate,19992921.0,13618215,68.12
Countries,ZAF,South Africa,2010,MCV1,Measles 1st Dose,OFFICIAL,Official WHO/UNICEF estimate,13060843.0,11007818,84.28
Countries,ZAF,South Africa,2010,MCV2,Measles 2nd Dose,OFFICIAL,Official WHO/UNICEF estimate,13292290.0,9489889,71.39
Countries,ZAF,South Africa,2010,DTP1,Diphtheria-Tetanus-Pertussis 1st Dose,OFFICIAL,Official WHO/UNICEF estimate,13565806.0,12622076,93.04
Countries,ZAF,South Africa,2010,DTP3,Diphtheria-Tetanus-Pertussis 3rd Dose,OFFICIAL,Official WHO/UNICEF estimate,13153025.0,9308232,70.77
Countries,ZAF,South Africa,2010,BCG,Bacillus Calmette-Guérin (Tuberculosis),OFFICIAL,Official WHO/UNICEF estimate,12966589.0,11193524,86.33
Countries,ZAF,South Africa,2010,HEPB3,Hepatitis B 3rd Dose,OFFICIAL,Official WHO/UNICEF estimate,13104933.0,10112993,77.17
Countries,ZAF,South Africa,2010,POL3,Polio 3rd Dose,OFFICIAL,Official WHO/UNICEF estimate,13080160.0,9821071,75.08
Countries,ZAF,South Africa,2010,ROTA,Rotavirus Last Dose,OFFICIAL,Official WHO/UNICEF estimate,13283383.0,10206083,76.83
Countries,ZAF,South Africa,2010,IPV1,Inactivated Polio 1st Dose,OFFICIAL,Official WHO/UNICEF estimate,13210845.0,9454045,71.56
Countries,ZAF,South Africa,2010,HPV,Human Papillomavirus Last Dose,OFFICIAL,Official WHO/UNICEF estimate,13444010.0,9485037,70.55
Countries,ZAF,South Africa,2011,MCV1,Measles 1st Dose,ADMINISTRATIVE,Administrative reports from health facilities,13516022.0,11003738,81.41
Countries,ZAF,South Africa,2011,MCV2,Measles 2nd Dose,ADMINISTRATIVE,Administrative reports from health facilities,13140477.0,9026603,68.69
Countries,ZAF,South Africa,2011,DTP1,Diphtheria-Tetanus-Pertussis 1st Dose,ADMINISTRATIVE,Administrative reports from health facilities,13280287.0,11044417,83.16
Countries,ZAF,South Africa,2011,DTP3,Diphtheria-Tetanus-Pertussis 3rd Dose,ADMINISTRATIVE,Administrative reports from health facilities,13673838.0,9260162,67.7%
Countries,ZAF,South Africa,2011,BCG,Bacillus Calmette-Guérin (Tuberculosis),ADMINISTRATIVE,Administrative reports from health facilities,13596471.0,11523401,84.75
Countries,ZAF,South Africa,2011,HEPB3,Hepatitis B 3rd Dose,ADMINISTRATIVE,Administrative reports from health facilities,13830183.0,11002030,79.55
Countries,ZAF,South Africa,2011,POL3,Polio 3rd Dose,ADMINISTRATIVE,Administrative reports from health facilities,13267059.0,10964366,82.64
Countries,ZAF,South Africa,2011,ROTA,Rotavirus Last Dose,ADMINISTRATIVE,Administrative reports from health facilities,13457719.0,10333449,76.78
Countries,ZAF,South Africa,2011,IPV1,Inactivated Polio 1st Dose,ADMINISTRATIVE,Administrative reports from health facilities,13308218.0,10619594,79.8
Countries,ZAF,South Africa,2011,HPV,Human Papillomavirus Last Dose,ADMINISTRATIVE,Administrative reports from health facilities,13715809.0,10435492,76.08
Countries,ZAF,South Africa,2012,MCV1,Measles 1st Dose,OFFICIAL,Official WHO/UNICEF estimate,13813470.0,11878153,85.99
Countries,ZAF,South Africa,2012,MCV2,Measles 2nd Dose,OFFICIAL,Official WHO/UNICEF estimate,13590179.0,9472912,69.7
Countries,ZAF,South Africa,2012,DTP1,Diphtheria-Tetanus-Pertussis 1st Dose,OFFICIAL,Official WHO/UNICEF estimate,13401349.0,11435920,85.33
Countries,ZAF,South Africa,2012,DTP3,Diphtheria-Tetanus-Pertussis 3rd Dose,OFFICIAL,Official WHO/UNICEF estimate,13636059.0,9299165,68.2
Countries,ZAF,South Africa,2012,BCG,Bacillus Calmette-Guérin (Tuberculosis),OFFICIAL,Official WHO/UNICEF estimate,13665469.0,11203879,81.99
Countries,ZAF,South Africa,2012,HEPB3,Hepatitis B 3rd Dose,OFFICIAL,Official WHO/UNICEF estimate,,11147731,79.31
Countries,ZAF,South Africa,2012,POL3,Polio 3rd Dose,OFFICIAL,Official WHO/UNICEF estimate,13585896.0,11075412,81.52
Countries,ZAF,South Africa,2012,ROTA,Rotavirus Last Dose,OFFICIAL,Official WHO/UNICEF estimate,13134047.0,10597846,80.69
Countries,ZAF,South Africa,2012,IPV1,Inactivated Polio 1st Dose,OFFICIAL,Official WHO/UNICEF estimate,13415357.0,9851240,73.43
Countries,ZAF,South Africa,2012,HPV,Human Papillomavirus Last Dose,OFFICIAL,Official WHO/UNICEF estimate,13760566.0,9941445,72.25
Countries,ZAF,South Africa,2013,MCV1,Measles 1st Dose,ADMINISTRATIVE,Administrative reports from health facilities,14705032.0,12465328,84.77
Countries,ZAF,South Africa,2013,MCV2,Measles 2nd Dose,ADMINISTRATIVE,Administrative reports from health facilities,13567677.0,9483086,69.89
Countries,ZAF,South Africa,2013,DTP1,Diphtheria-Tetanus-Pertussis 1st Dose,ADMINISTRATIVE,Administrative reports from health facilities,,11761594,86.33
Countries,ZAF,South Africa,2013,DTP3,Diphtheria-Tetanus-Pertussis 3rd Dose,ADMINISTRATIVE,Administrative reports from health facilities,13730066.0,9481406,69.06
Countries,ZAF,South Africa,2013,BCG,Bacillus Calmette-Guérin (Tuberculosis),ADMINISTRATIVE,Administrative reports from health facilities,13763749.0,11950191,86.8%
Countries,ZAF,South Africa,2013,HEPB3,Hepatitis B 3rd Dose,ADMINISTRATIVE,Administrative reports from health facilities,13673819.0,10173240,74.4
Countries,ZAF,South Africa,2013,POL3,Polio 3rd Dose,ADMINISTRATIVE,Administrative reports from health facilities,13585827.0,9978846,73.45
Countries,ZAF,South Africa,2013,ROTA,Rotavirus Last Dose,ADMINISTRATIVE,Administrative reports from health facilities,13811081.0,11265783,81.57
Countries,ZAF,South Africa,2013,IPV1,Inactivated Polio 1st Dose,ADMINISTRATIVE,Administrative reports from health facilities,13497523.0,10710754,79.35
Countries,ZAF,South Africa,2013,HPV,Human Papillomavirus Last Dose,ADMINISTRATIVE,Administrative reports from health facilities,13173128.0,8996529,68.29
Countries,ZAF,South Africa,2014,MCV1,Measles 1st Dose,OFFICIAL,Official WHO/UNICEF estimate,,11511900,87.37
Countries,ZAF,South Africa,2014,MCV2,Measles 2nd Dose,OFFICIAL,Official WHO/UNICEF estimate,13771051.0,8916089,64.75
Countries,ZAF,South Africa,2014,DTP1,Diphtheria-Tetanus-Pertussis 1st Dose,OFFICIAL,Official WHO/UNICEF estimate,13278776.0,11108122,83.65
Countries,ZAF,South Africa,2014,DTP3,Diphtheria-Tetanus-Pertussis 3rd Dose,OFFICIAL,Official WHO/UNICEF estimate,13584501.0,9626589,70.86
Countries,ZAF,South Africa,2014,BCG,Bacillus Calmette-Guérin (Tuberculosis),OFFICIAL,Official WHO/UNICEF estimate,,11359083,83.01
Countries,ZAF,South Africa,2014,HEPB3,Hepatitis B 3rd Dose,OFFICIAL,Official WHO/UNICEF estimate,13534681.0,11047414,81.62
Countries,ZAF,South Africa,2014,POL3,Polio 3rd Dose,OFFICIAL,Official WHO/UNICEF estimate,13675014.0,10742411,78.56
Countries,ZAF,South Africa,2014,ROTA,Rotavirus Last Dose,OFFICIAL,Official WHO/UNICEF estimate,13919920.0,11421437,82.05
Countries,ZAF,South Africa,2014,IPV1,Inactivated Polio 1st Dose,OFFICIAL,Official WHO/UNICEF estimate,13060943.0,11491205,87.98
Countries,ZAF,South Africa,2014,HPV,Human Papillomavirus Last Dose,OFFICIAL,Official WHO/UNICEF estimate,13997824.0,10057605,71.85
Countries,ZAF,South Africa,2015,MCV1,Measles 1st Dose,ADMINISTRATIVE,Administrative reports from health facilities,14226489.0,13115723,92.19
Countries,ZAF,South Africa,2015,MCV2,Measles 2nd Dose,ADMINISTRATIVE,Administrative reports from health facilities,14319701.0,11297507,78.89
Countries,ZAF,South Africa,2015,DTP1,Diphtheria-Tetanus-Pertussis 1st Dose,ADMINISTRATIVE,Administrative reports from health facilities,14270302.0,12578462,88.14
Countries,ZAF,South Africa,2015,DTP3,Diphtheria-Tetanus-Pertussis 3rd Dose,ADMINISTRATIVE,Administrative reports from health facilities,13851046.0,9706817,70.08
Countries,ZAF,South Africa,2015,BCG,Bacillus Calmette-Guérin (Tuberculosis),ADMINISTRATIVE,Administrative reports from health facilities,13757627.0,11986280,87.12
Countries,ZAF,South Africa,2015,HEPB3,Hepatitis B 3rd Dose,ADMINISTRATIVE,Administrative reports from health facilities,14171210.0,11086220,78.23
Countries,ZAF,South Africa,2015,POL3,Polio 3rd Dose,ADMINISTRATIVE,Administrative reports from health facilities,13891082.0,11349771,81.71
Countries,ZAF,South Africa,2015,ROTA,Rotavirus Last Dose,ADMINISTRATIVE,Administrative reports from health facilities,14006762.0,10964338,78.28
Countries,ZAF,South Africa,2015,IPV1,Inactivated Polio 1st Dose,ADMINISTRATIVE,Administrative reports from health facilities,13980454.0,11995908,85.8
Countries,ZAF,South Africa,2015,HPV,Human Papillomavirus Last Dose,ADMINISTRATIVE,Administrative reports from health facilities,14198674.0,10051939,70.79
Countries,ZAF,South Africa,2016,MCV1,Measles 1st Dose,OFFICIAL,Official WHO/UNICEF estimate,14191908.0,11689359,82.37
Countries,ZAF,South Africa,2016,MCV2,Measles 2nd Dose,OFFICIAL,Official WHO/UNICEF estimate,14394314.0,10298845,71.55
Countries,ZAF,South Africa,2016,DTP1,Diphtheria-Tetanus-Pertussis 1st Dose,OFFICIAL,Official WHO/UNICEF estimate,13855431.0,13235645,95.53
Countries,ZAF,South Africa,2016,DTP3,Diphtheria-Tetanus-Pertussis 3rd Dose,OFFICIAL,Official WHO/UNICEF estimate,14162318.0,10417473,73.56
Countries,ZAF,South Africa,2016,BCG,Bacillus Calmette-Guérin (Tuberculosis),OFFICIAL,Official WHO/UNICEF estimate,13606415.0,11825890,86.91
Countries,ZAF,South Africa,2016,HEPB3,Hepatitis B 3rd Dose,OFFICIAL,Official WHO/UNICEF estimate,13902876.0,12224731,87.93
Countries,ZAF,South Africa,2016,POL3,Polio 3rd Dose,OFFICIAL,Official WHO/UNICEF estimate,13841792.0,11610585,83.88
Countries,ZAF,South Africa,2016,ROTA,Rotavirus Last Dose,OFFICIAL,Official WHO/UNICEF estimate,14075837.0,11752719,83.5
Countries,ZAF,South Africa,2016,IPV1,Inactivated Polio 1st Dose,OFFICIAL,Official WHO/UNICEF estimate,13889428.0,11702314,84.25
Countries,ZAF,South Africa,2016,HPV,Human Papillomavirus Last Dose,OFFICIAL,Official WHO/UNICEF estimate,13855066.0,9871564,71.25
Countries,ZAF,South Africa,2017,MCV1,Measles 1st Dose,ADMINISTRATIVE,Administrative reports from health facilities,14346578.0,13945637,97.21
Countries,ZAF,South Africa,2017,MCV2,Measles 2nd Dose,ADMINISTRATIVE,Administrative reports from health facilities,14772162.0,11199462,75.81
Countries,ZAF,South Africa,2017,DTP1,Diphtheria-Tetanus-Pertussis 1st Dose,ADMINISTRATIVE,Administrative reports from health facilities,14282480.0,12190030,85.35
Countries,ZAF,South Africa,2017,DTP3,Diphtheria-Tetanus-Pertussis 3rd Dose,ADMINISTRATIVE,Administrative reports from health facilities,14218058.0,11645355,81.91
Countries,ZAF,South Africa,2017,BCG,Bacillus Calmette-Guérin (Tuberculosis),ADMINISTRATIVE,Administrative reports from health facilities,13919452.0,12731664,91.47
Countries,ZAF,South Africa,2017,HEPB3,Hepatitis B 3rd Dose,ADMINISTRATIVE,Administrative reports from health facilities,14623990.0,12257727,83.82
Countries,ZAF,South Africa,2017,POL3,Polio 3rd Dose,ADMINISTRATIVE,Administrative reports from health facilities,14481428.0,11971963,82.67
Countries,ZAF,South Africa,2017,ROTA,Rotavirus Last Dose,ADMINISTRATIVE,Administrative reports from health facilities,14256761.0,11437080,80.22
Countries,ZAF,South Africa,2017,IPV1,Inactivated Polio 1st Dose,ADMINISTRATIVE,Administrative reports from health facilities,14469380.0,12001366,82.94
Countries,ZAF,South Africa,2017,HPV,Human Papillomavirus Last Dose,ADMINISTRATIVE,Administrative reports from health facilities,14223125.0,11454191,80.53
Countries,ZAF,South Africa,2018,MCV1,Measles 1st Dose,OFFICIAL,Official WHO/UNICEF estimate,14850633.0,13579763,91.4%
Countries,ZAF,South Africa,2018,MCV2,Measles 2nd Dose,OFFICIAL,Official WHO/UNICEF estimate,14070938.0,11263242,80.05
Countries,ZAF,South Africa,2018,DTP1,Diphtheria-Tetanus-Pertussis 1st Dose,OFFICIAL,Official WHO/UNICEF estimate,14237894.0,12743547,89.5
Countries,ZAF,South Africa,2018,DTP3,Diphtheria-Tetanus-Pertussis 3rd Dose,OFFICIAL,Official WHO/UNICEF estimate,14522817.0,11471300,78.99
Countries,ZAF,South Africa,2018,BCG,Bacillus Calmette-Guérin (Tuberculosis),OFFICIAL,Official WHO/UNICEF estimate,13827936.0,12952207,93.67
Countries,ZAF,South Africa,2018,HEPB3,Hepatitis B 3rd Dose,OFFICIAL,Official WHO/UNICEF estimate,14157316.0,12594451,88.96
Countries,ZAF,South Africa,2018,POL3,Polio 3rd Dose,OFFICIAL,Official WHO/UNICEF estimate,14518953.0,11798187,81.26
Countries,ZAF,South Africa,2018,ROTA,Rotavirus Last Dose,OFFICIAL,Official WHO/UNICEF estimate,14584850.0,13098702,89.81
Countries,ZAF,South Africa,2018,IPV1,Inactivated Polio 1st Dose,OFFICIAL,Official WHO/UNICEF estimate,14476442.0,12412121,85.74
Countries,ZAF,South Africa,2018,HPV,Human Papillomavirus Last Dose,OFFICIAL,Official WHO/UNICEF estimate,14445595.0,10479422,72.54
Countries,ZAF,South Africa,2019,MCV1,Measles 1st Dose,ADMINISTRATIVE,Administrative reports from health facilities,14945978.0,13051707,87.33
Countries,ZAF,South Africa,2019,MCV2,Measles 2nd Dose,ADMINISTRATIVE,Administrative reports from health facilities,14288394.0,11030176,77.2
Countries,ZAF,South Africa,2019,DTP1,Diphtheria-Tetanus-Pertussis 1st Dose,ADMINISTRATIVE,Administrative reports from health facilities,14627980.0,12865604,87.95
Countries,ZAF,South Africa,2019,DTP3,Diphtheria-Tetanus-Pertussis 3rd Dose,ADMINISTRATIVE,Administrative reports from health facilities,14519440.0,11567099,79.67
Countries,ZAF,South Africa,2019,BCG,Bacillus Calmette-Guérin (Tuberculosis),ADMINISTRATIVE,Administrative reports from health facilities,14546836.0,13669639,93.97
Countries,ZAF,South Africa,2019,HEPB3,Hepatitis B 3rd Dose,ADMINISTRATIVE,Administrative reports from health facilities,14035767.0,11826788,84.26
Countries,ZAF,South Africa,2019,POL3,Polio 3rd Dose,ADMINISTRATIVE,Administrative reports from health facilities,14622199.0,13098699,89.58
Countries,ZAF,South Africa,2019,ROTA,Rotavirus Last Dose,ADMINISTRATIVE,Administrative reports from health facilities,14671437.0,12933388,88.15
Countries,ZAF,South Africa,2019,IPV1,Inactivated Polio 1st Dose,ADMINISTRATIVE,Administrative reports from health facilities,14405297.0,12474229,86.59
Countries,ZAF,South Africa,2019,HPV,Human Papillomavirus Last Dose,ADMINISTRATIVE,Administrative reports from health facilities,14418910.0,11765645,81.6
Countries,ZAF,South Africa,2020,MCV1,Measles 1st Dose,OFFICIAL,Official WHO/UNICEF estimate,14463579.0,12452721,86.1
Countries,ZAF,South Africa,2020,MCV2,Measles 2nd Dose,OFFICIAL,Official WHO/UNICEF estimate,14522234.0,10871017,74.86
Countries,ZAF,South Africa,2020,DTP1,Diphtheria-Tetanus-Pertussis 1st Dose,OFFICIAL,Official WHO/UNICEF estimate,14566403.0,12734235,87.42
Countries,ZAF,South Africa,2020,DTP3,Diphtheria-Tetanus-Pertussis 3rd Dose,OFFICIAL,Official WHO/UNICEF estimate,14809844.0,9927187,67.03
Countries,ZAF,South Africa,2020,BCG,Bacillus Calmette-Guérin (Tuberculosis),OFFICIAL,Official WHO/UNICEF estimate,14500575.0,12710406,87.65
Countries,ZAF,South Africa,2020,HEPB3,Hepatitis B 3rd Dose,OFFICIAL,Official WHO/UNICEF estimate,14821600.0,11972774,80.78
Countries,ZAF,South Africa,2020,POL3,Polio 3rd Dose,OFFICIAL,Official WHO/UNICEF estimate,14628801.0,12496418,85.42
Countries,ZAF,South Africa,2020,ROTA,Rotavirus Last Dose,OFFICIAL,Official WHO/UNICEF estimate,14620056.0,11668335,79.81
Countries,ZAF,South Africa,2020,IPV1,Inactivated Polio 1st Dose,OFFICIAL,Official WHO/UNICEF estimate,14609061.0,11440930,78.31
Countries,ZAF,South Africa,2020,HPV,Human Papillomavirus Last Dose,OFFICIAL,Official WHO/UNICEF estimate,14481453.0,10141364,70.03
Countries,ZAF,South Africa,2021,MCV1,Measles 1st Dose,ADMINISTRATIVE,Administrative reports from health facilities,14690983.0,12306264,83.77
Countries,ZAF,South Africa,2021,MCV2,Measles 2nd Dose,ADMINISTRATIVE,Administrative reports from health facilities,14811951.0,10738688,72.5
Countries,ZAF,South Africa,2021,DTP1,Diphtheria-Tetanus-Pertussis 1st Dose,ADMINISTRATIVE,Administrative reports from health facilities,14892632.0,12254012,82.28
Countries,ZAF,South Africa,2021,DTP3,Diphtheria-Tetanus-Pertussis 3rd Dose,ADMINISTRATIVE,Administrative reports from health facilities,14163079.0,10151763,71.68
Countries,ZAF,South Africa,2021,BCG,Bacillus Calmette-Guérin (Tuberculosis),ADMINISTRATIVE,Administrative reports from health facilities,14596524.0,12918024,88.5
Countries,ZAF,South Africa,2021,HEPB3,Hepatitis B 3rd Dose,ADMINISTRATIVE,Administrative reports from health facilities,14448516.0,12448544,86.16
Countries,ZAF,South Africa,2021,POL3,Polio 3rd Dose,ADMINISTRATIVE,Administrative reports from health facilities,14477872.0,11791872,81.45
Countries,ZAF,South Africa,2021,ROTA,Rotavirus Last Dose,ADMINISTRATIVE,Administrative reports from health facilities,15229473.0,11191326,73.48
Countries,ZAF,South Africa,2021,IPV1,Inactivated Polio 1st Dose,ADMINISTRATIVE,Administrative reports from health facilities,14538425.0,11591784,79.73
Countries,ZAF,South Africa,2021,HPV,Human Papillomavirus Last Dose,ADMINISTRATIVE,Administrative reports from health facilities,14758285.0,11003810,74.56
Countries,ZAF,South Africa,2022,MCV1,Measles 1st Dose,OFFICIAL,Official WHO/UNICEF estimate,14625228.0,12703604,86.86
Countries,ZAF,South Africa,2022,MCV2,Measles 2nd Dose,OFFICIAL,Official WHO/UNICEF estimate,14483075.0,11153876,77.01
Countries,ZAF,South Africa,2022,DTP1,Diphtheria-Tetanus-Pertussis 1st Dose,OFFICIAL,Official WHO/UNICEF estimate,15453774.0,14275030,92.37
Countries,ZAF,South Africa,2022,DTP3,Diphtheria-Tetanus-Pertussis 3rd Dose,OFFICIAL,Official WHO/UNICEF estimate,15063690.0,11926834,79.18
Countries,ZAF,South Africa,2022,BCG,Bacillus Calmette-Guérin (Tuberculosis),OFFICIAL,Official WHO/UNICEF estimate,14431751.0,13560428,93.96
Countries,ZAF,South Africa,2022,HEPB3,Hepatitis B 3rd Dose,OFFICIAL,Official WHO/UNICEF estimate,14978612.0,12789263,85.38
Countries,ZAF,South Africa,2022,POL3,Polio 3rd Dose,OFFICIAL,Official WHO/UNICEF estimate,14712766.0,12972421,88.17
Countries,ZAF,South Africa,2022,ROTA,Rotavirus Last Dose,OFFICIAL,Official WHO/UNICEF estimate,15305373.0,12571508,82.14
Countries,ZAF,South Africa,2022,IPV1,Inactivated Polio 1st Dose,OFFICIAL,Official WHO/UNICEF estimate,14915019.0,14184616,95.1
Countries,ZAF,South Africa,2022,HPV,Human Papillomavirus Last Dose,OFFICIAL,Official WHO/UNICEF estimate,14671955.0,11573096,78.88
Countries,ZAF,South Africa,2023,MCV1,Measles 1st Dose,ADMINISTRATIVE,Administrative reports from health facilities,15303361.0,14555524,95.11
Countries,ZAF,South Africa,2023,MCV2,Measles 2nd Dose,ADMINISTRATIVE,Administrative reports from health facilities,14755873.0,11824241,80.13
Countries,ZAF,South Africa,2023,DTP1,Diphtheria-Tetanus-Pertussis 1st Dose,ADMINISTRATIVE,Administrative reports from health facilities,14721305.0,14574091,99.0
Countries,ZAF,South Africa,2023,DTP3,Diphtheria-Tetanus-Pertussis 3rd Dose,ADMINISTRATIVE,Administrative reports from health facilities,15026751.0,11789246,78.46
Countries,ZAF,South Africa,2023,BCG,Bacillus Calmette-Guérin (Tuberculosis),ADMINISTRATIVE,Administrative reports from health facilities,15115909.0,13826756,91.47
Countries,ZAF,South Africa,2023,HEPB3,Hepatitis B 3rd Dose,ADMINISTRATIVE,Administrative reports from health facilities,14595198.0,12759327,87.42
Countries,ZAF,South Africa,2023,POL3,Polio 3rd Dose,ADMINISTRATIVE,Administrative reports from health facilities,15632870.0,14165780,90.62
Countries,ZAF,South Africa,2023,ROTA,Rotavirus Last Dose,ADMINISTRATIVE,Administrative reports from health facilities,15398425.0,13846777,89.92
Countries,ZAF,South Africa,2023,IPV1,Inactivated Polio 1st Dose,ADMINISTRATIVE,Administrative reports from health facilities,14829145.0,13765688,92.83
Countries,ZAF,South Africa,2023,HPV,Human Papillomavirus Last Dose,ADMINISTRATIVE,Administrative reports from health facilities,15130894.0,12079871,79.84
Countries,ZAF,South Africa,2024,MCV1,Measles 1st Dose,OFFICIAL,Official WHO/UNICEF estimate,15178963.0,14915092,98.3%
Countries,ZAF,South Africa,2024,MCV2,Measles 2nd Dose,OFFICIAL,Official WHO/UNICEF estimate,15428958.0,13575730,87.99
Countries,ZAF,South Africa,2024,DTP1,Diphtheria-Tetanus-Pertussis 1st Dose,OFFICIAL,Official WHO/UNICEF estimate,15226833.0,14683414,96.4%
Countries,ZAF,South Africa,2024,DTP3,Diphtheria-Tetanus-Pertussis 3rd Dose,OFFICIAL,Official WHO/UNICEF estimate,15278175.0,11119456,72.78
Countries,ZAF,South Africa,2024,BCG,Bacillus Calmette-Guérin (Tuberculosis),OFFICIAL,Official WHO/UNICEF estimate,14931599.0,14531146,97.32
Countries,ZAF,South Africa,2024,HEPB3,Hepatitis B 3rd Dose,OFFICIAL,Official WHO/UNICEF estimate,14825552.0,12710357,85.73
Countries,ZAF,South Africa,2024,POL3,Polio 3rd Dose,OFFICIAL,Official WHO/UNICEF estimate,14664994.0,13720995,93.56
Countries,ZAF,South Africa,2024,ROTA,Rotavirus Last Dose,OFFICIAL,Official WHO/UNICEF estimate,14716722.0,12879322,87.51
Countries,ZAF,South Africa,2024,IPV1,Inactivated Polio 1st Dose,OFFICIAL,Official WHO/UNICEF estimate,14871492.0,12797885,86.06
Countries,ZAF,South Africa,2024,HPV,Human Papillomavirus Last Dose,OFFICIAL,Official WHO/UNICEF estimate,15065668.0,10706499,71.07
Countries,GBR,United Kingdom,2010,MCV1,Measles 1st Dose,OFFICIAL,Official WHO/UNICEF estimate,4611718.0,4411797,95.66
Countries,GBR,United Kingdom,2010,MCV2,Measles 2nd Dose,OFFICIAL,Official WHO/UNICEF estimate,4707485.0,3919625,83.26
Countries,GBR,United Kingdom,2010,DTP1,Diphtheria-Tetanus-Pertussis 1st Dose,OFFICIAL,Official WHO/UNICEF estimate,,4375709,94.27
Countries,GBR,United Kingdom,2010,DTP3,Diphtheria-Tetanus-Pertussis 3rd Dose,OFFICIAL,Official WHO/UNICEF estimate,,3947138,83.95
Countries,GBR,United Kingdom,2010,BCG,Bacillus Calmette-Guérin (Tuberculosis),OFFICIAL,Official WHO/UNICEF estimate,4670380.0,4385259,93.9
Countries,GBR,United Kingdom,2010,HEPB3,Hepatitis B 3rd Dose,OFFICIAL,Official WHO/UNICEF estimate,4739279.0,4027450,84.98
Countries,GBR,United Kingdom,2010,POL3,Polio 3rd Dose,OFFICIAL,Official WHO/UNICEF estimate,4635054.0,4145178,89.43
Countries,GBR,United Kingdom,2010,ROTA,Rotavirus Last Dose,OFFICIAL,Official WHO/UNICEF estimate,4749246.0,4253635,89.56
Countries,GBR,United Kingdom,2010,IPV1,Inactivated Polio 1st Dose,OFFICIAL,Official WHO/UNICEF estimate,4718590.0,4056457,85.97
Countries,GBR,United Kingdom,2010,HPV,Human Papillomavirus Last Dose,OFFICIAL,Official WHO/UNICEF estimate,4647177.0,3649312,78.53
Countries,GBR,United Kingdom,2011,MCV1,Measles 1st Dose,ADMINISTRATIVE,Administrative reports from health facilities,4672933.0,4453782,95.31
Countries,GBR,United Kingdom,2011,MCV2,Measles 2nd Dose,ADMINISTRATIVE,Administrative reports from health facilities,4776372.0,3866395,80.95
Countries,GBR,United Kingdom,2011,DTP1,Diphtheria-Tetanus-Pertussis 1st Dose,ADMINISTRATIVE,Administrative reports from health facilities,4798109.0,4303082,89.68
Countries,GBR,United Kingdom,2011,DTP3,Diphtheria-Tetanus-Pertussis 3rd Dose,ADMINISTRATIVE,Administrative reports from health facilities,,4065498,85.17
Countries,GBR,United Kingdom,2011,BCG,Bacillus Calmette-Guérin (Tuberculosis),ADMINISTRATIVE,Administrative reports from health facilities,4574425.0,4464607,97.6
Countries,GBR,United Kingdom,2011,HEPB3,Hepatitis B 3rd Dose,ADMINISTRATIVE,Administrative reports from health facilities,4841011.0,4665323,96.37
Countries,GBR,United Kingdom,2011,POL3,Polio 3rd Dose,ADMINISTRATIVE,Administrative reports from health facilities,4836125.0,4327325,89.48
Countries,GBR,United Kingdom,2011,ROTA,Rotavirus Last Dose,ADMINISTRATIVE,Administrative reports from health facilities,4814989.0,4089391,84.93
Countries,GBR,United Kingdom,2011,IPV1,Inactivated Polio 1st Dose,ADMINISTRATIVE,Administrative reports from health facilities,4702984.0,4115374,87.51
Countries,GBR,United Kingdom,2011,HPV,Human Papillomavirus Last Dose,ADMINISTRATIVE,Administrative reports from health facilities,4862114.0,3682910,75.75
Countries,GBR,United Kingdom,2012,MCV1,Measles 1st Dose,OFFICIAL,Official WHO/UNICEF estimate,4898796.0,4726483,96.48
Countries,GBR,United Kingdom,2012,MCV2,Measles 2nd Dose,OFFICIAL,Official WHO/UNICEF estimate,4741309.0,3894904,82.15
Countries,GBR,United Kingdom,2012,DTP1,Diphtheria-Tetanus-Pertussis 1st Dose,OFFICIAL,Official WHO/UNICEF estimate,4717847.0,4519066,95.79
Countries,GBR,United Kingdom,2012,DTP3,Diphtheria-Tetanus-Pertussis 3rd Dose,OFFICIAL,Official WHO/UNICEF estimate,4832413.0,4033947,83.48
Countries,GBR,United Kingdom,2012,BCG,Bacillus Calmette-Guérin (Tuberculosis),OFFICIAL,Official WHO/UNICEF estimate,4852780.0,4498848,92.71
Countries,GBR,United Kingdom,2012,HEPB3,Hepatitis B 3rd Dose,OFFICIAL,Official WHO/UNICEF estimate,4738070.0,4371700,92.27
Countries,GBR,United Kingdom,2012,POL3,Polio 3rd Dose,OFFICIAL,Official WHO/UNICEF estimate,4834801.0,4301245,88.96
Countries,GBR,United Kingdom,2012,ROTA,Rotavirus Last Dose,OFFICIAL,Official WHO/UNICEF estimate,4872646.0,4158407,85.34
Countries,GBR,United Kingdom,2012,IPV1,Inactivated Polio 1st Dose,OFFICIAL,Official WHO/UNICEF estimate,4861442.0,4520043,92.98
Countries,GBR,United Kingdom,2012,HPV,Human Papillomavirus Last Dose,OFFICIAL,Official WHO/UNICEF estimate,4863125.0,3883870,79.86
Countries,GBR,United Kingdom,2013,MCV1,Measles 1st Dose,ADMINISTRATIVE,Administrative reports from health facilities,4932300.0,4717717,95.65
Countries,GBR,United Kingdom,2013,MCV2,Measles 2nd Dose,ADMINISTRATIVE,Administrative reports from health facilities,4849067.0,3845650,79.31
Countries,GBR,United Kingdom,2013,DTP1,Diphtheria-Tetanus-Pertussis 1st Dose,ADMINISTRATIVE,Administrative reports from health facilities,4770669.0,4385338,91.92
Countries,GBR,United Kingdom,2013,DTP3,Diphtheria-Tetanus-Pertussis 3rd Dose,ADMINISTRATIVE,Administrative reports from health facilities,4768801.0,3811974,79.94
Countries,GBR,United Kingdom,2013,BCG,Bacillus Calmette-Guérin (Tuberculosis),ADMINISTRATIVE,Administrative reports from health facilities,4783893.0,4471901,93.48
Countries,GBR,United Kingdom,2013,HEPB3,Hepatitis B 3rd Dose,ADMINISTRATIVE,Administrative reports from health facilities,4942583.0,4318732,87.38
Countries,GBR,United Kingdom,2013,POL3,Polio 3rd Dose,ADMINISTRATIVE,Administrative reports from health facilities,4818968.0,4131594,85.74
Countries,GBR,United Kingdom,2013,ROTA,Rotavirus Last Dose,ADMINISTRATIVE,Administrative reports from health facilities,,4307725,90.63
Countries,GBR,United Kingdom,2013,IPV1,Inactivated Polio 1st Dose,ADMINISTRATIVE,Administrative reports from health facilities,4942669.0,4457513,90.18
Countries,GBR,United Kingdom,2013,HPV,Human Papillomavirus Last Dose,ADMINISTRATIVE,Administrative reports from health facilities,4819370.0,4183607,86.81
Countries,GBR,United Kingdom,2014,MCV1,Measles 1st Dose,OFFICIAL,Official WHO/UNICEF estimate,5006398.0,4890281,97.68
Countries,GBR,United Kingdom,2014,MCV2,Measles 2nd Dose,OFFICIAL,Official WHO/UNICEF estimate,4966193.0,4193048,84.43
Countries,GBR,United Kingdom,2014,DTP1,Diphtheria-Tetanus-Pertussis 1st Dose,OFFICIAL,Official WHO/UNICEF estimate,4794802.0,4436766,92.53
Countries,GBR,United Kingdom,2014,DTP3,Diphtheria-Tetanus-Pertussis 3rd Dose,OFFICIAL,Official WHO/UNICEF estimate,5017113.0,3957307,78.88
Countries,GBR,United Kingdom,2014,BCG,Bacillus Calmette-Guérin (Tuberculosis),OFFICIAL,Official WHO/UNICEF estimate,4881107.0,4585635,93.95
Countries,GBR,United Kingdom,2014,HEPB3,Hepatitis B 3rd Dose,OFFICIAL,Official WHO/UNICEF estimate,4848409.0,4471920,92.23
Countries,GBR,United Kingdom,2014,POL3,Polio 3rd Dose,OFFICIAL,Official WHO/UNICEF estimate,5019346.0,4372714,87.12
Countries,GBR,United Kingdom,2014,ROTA,Rotavirus Last Dose,OFFICIAL,Official WHO/UNICEF estimate,4958834.0,4589074,92.54
Countries,GBR,United Kingdom,2014,IPV1,Inactivated Polio 1st Dose,OFFICIAL,Official WHO/UNICEF estimate,4813815.0,4376970,90.9%
Countries,GBR,United Kingdom,2014,HPV,Human Papillomavirus Last Dose,OFFICIAL,Official WHO/UNICEF estimate,4815590.0,4238204,88.01
Countries,GBR,United Kingdom,2015,MCV1,Measles 1st Dose,ADMINISTRATIVE,Administrative reports from health facilities,4922352.0,4796027,97.43
Countries,GBR,United Kingdom,2015,MCV2,Measles 2nd Dose,ADMINISTRATIVE,Administrative reports from health facilities,4991927.0,4076592,81.66
Countries,GBR,United Kingdom,2015,DTP1,Diphtheria-Tetanus-Pertussis 1st Dose,ADMINISTRATIVE,Administrative reports from health facilities,4913497.0,4864362,99.0
Countries,GBR,United Kingdom,2015,DTP3,Diphtheria-Tetanus-Pertussis 3rd Dose,ADMINISTRATIVE,Administrative reports from health facilities,4784396.0,3871567,80.92
Countries,GBR,United Kingdom,2015,BCG,Bacillus Calmette-Guérin (Tuberculosis),ADMINISTRATIVE,Administrative reports from health facilities,5017837.0,4879296,97.24
Countries,GBR,United Kingdom,2015,HEPB3,Hepatitis B 3rd Dose,ADMINISTRATIVE,Administrative reports from health facilities,5025244.0,4575495,91.05
Countries,GBR,United Kingdom,2015,POL3,Polio 3rd Dose,ADMINISTRATIVE,Administrative reports from health facilities,5015777.0,4942339,98.54
Countries,GBR,United Kingdom,2015,ROTA,Rotavirus Last Dose,ADMINISTRATIVE,Administrative reports from health facilities,4817612.0,4364404,90.59
Countries,GBR,United Kingdom,2015,IPV1,Inactivated Polio 1st Dose,ADMINISTRATIVE,Administrative reports from health facilities,5114351.0,4723811,92.36
Countries,GBR,United Kingdom,2015,HPV,Human Papillomavirus Last Dose,ADMINISTRATIVE,Administrative reports from health facilities,4732188.0,3922491,82.89
Countries,GBR,United Kingdom,2016,MCV1,Measles 1st Dose,OFFICIAL,Official WHO/UNICEF estimate,5078367.0,4927537,97.03
Countries,GBR,United Kingdom,2016,MCV2,Measles 2nd Dose,OFFICIAL,Official WHO/UNICEF estimate,4870924.0,4357030,89.45
Countries,GBR,United Kingdom,2016,DTP1,Diphtheria-Tetanus-Pertussis 1st Dose,OFFICIAL,Official WHO/UNICEF estimate,4755871.0,4523730,95.12
Countries,GBR,United Kingdom,2016,DTP3,Diphtheria-Tetanus-Pertussis 3rd Dose,OFFICIAL,Official WHO/UNICEF estimate,4857175.0,4241959,87.33
Countries,GBR,United Kingdom,2016,BCG,Bacillus Calmette-Guérin (Tuberculosis),OFFICIAL,Official WHO/UNICEF estimate,5113730.0,4887242,95.57
Countries,GBR,United Kingdom,2016,HEPB3,Hepatitis B 3rd Dose,OFFICIAL,Official WHO/UNICEF estimate,,4602725,93.85
Countries,GBR,United Kingdom,2016,POL3,Polio 3rd Dose,OFFICIAL,Official WHO/UNICEF estimate,4861385.0,4573346,94.07
Countries,GBR,United Kingdom,2016,ROTA,Rotavirus Last Dose,OFFICIAL,Official WHO/UNICEF estimate,4888418.0,4664815,95.43
Countries,GBR,United Kingdom,2016,IPV1,Inactivated Polio 1st Dose,OFFICIAL,Official WHO/UNICEF estimate,5119265.0,4609116,90.03
Countries,GBR,United Kingdom,2016,HPV,Human Papillomavirus Last Dose,OFFICIAL,Official WHO/UNICEF estimate,4842460.0,4234906,87.45
Countries,GBR,United Kingdom,2017,MCV1,Measles 1st Dose,ADMINISTRATIVE,Administrative reports from health facilities,,4821143,99.0
Countries,GBR,United Kingdom,2017,MCV2,Measles 2nd Dose,ADMINISTRATIVE,Administrative reports from health facilities,5078715.0,4530520,89.21
Countries,GBR,United Kingdom,2017,DTP1,Diphtheria-Tetanus-Pertussis 1st Dose,ADMINISTRATIVE,Administrative reports from health facilities,4996189.0,4946227,99.0
Countries,GBR,United Kingdom,2017,DTP3,Diphtheria-Tetanus-Pertussis 3rd Dose,ADMINISTRATIVE,Administrative reports from health facilities,4851868.0,4105808,84.62
Countries,GBR,United Kingdom,2017,BCG,Bacillus Calmette-Guérin (Tuberculosis),ADMINISTRATIVE,Administrative reports from health facilities,,4729476,92.18
Countries,GBR,United Kingdom,2017,HEPB3,Hepatitis B 3rd Dose,ADMINISTRATIVE,Administrative reports from health facilities,4854342.0,4458302,91.84
Countries,GBR,United Kingdom,2017,POL3,Polio 3rd Dose,ADMINISTRATIVE,Administrative reports from health facilities,4866030.0,4367935,89.76
Countries,GBR,United Kingdom,2017,ROTA,Rotavirus Last Dose,ADMINISTRATIVE,Administrative reports from health facilities,5016290.0,4638480,92.5%
Countries,GBR,United Kingdom,2017,IPV1,Inactivated Polio 1st Dose,ADMINISTRATIVE,Administrative reports from health facilities,4959896.0,4754293,95.85
Countries,GBR,United Kingdom,2017,HPV,Human Papillomavirus Last Dose,ADMINISTRATIVE,Administrative reports from health facilities,5110910.0,4409715,86.3%
Countries,GBR,United Kingdom,2018,MCV1,Measles 1st Dose,OFFICIAL,Official WHO/UNICEF estimate,4844129.0,4694759,96.92
Countries,GBR,United Kingdom,2018,MCV2,Measles 2nd Dose,OFFICIAL,Official WHO/UNICEF estimate,5296424.0,4700461,88.75
Countries,GBR,United Kingdom,2018,DTP1,Diphtheria-Tetanus-Pertussis 1st Dose,OFFICIAL,Official WHO/UNICEF estimate,5080733.0,5029925,99.0
Countries,GBR,United Kingdom,2018,DTP3,Diphtheria-Tetanus-Pertussis 3rd Dose,OFFICIAL,Official WHO/UNICEF estimate,5044316.0,4344560,86.13
Countries,GBR,United Kingdom,2018,BCG,Bacillus Calmette-Guérin (Tuberculosis),OFFICIAL,Official WHO/UNICEF estimate,5144508.0,4933766,95.9
Countries,GBR,United Kingdom,2018,HEPB3,Hepatitis B 3rd Dose,OFFICIAL,Official WHO/UNICEF estimate,4970367.0,4589119,92.33
Countries,GBR,United Kingdom,2018,POL3,Polio 3rd Dose,OFFICIAL,Official WHO/UNICEF estimate,5064572.0,4868562,96.13
Countries,GBR,United Kingdom,2018,ROTA,Rotavirus Last Dose,OFFICIAL,Official WHO/UNICEF estimate,4999996.0,4775047,95.5
Countries,GBR,United Kingdom,2018,IPV1,Inactivated Polio 1st Dose,OFFICIAL,Official WHO/UNICEF estimate,4948788.0,4480348,90.5%
Countries,GBR,United Kingdom,2018,HPV,Human Papillomavirus Last Dose,OFFICIAL,Official WHO/UNICEF estimate,5025928.0,4389907,87.35
Countries,GBR,United Kingdom,2019,MCV1,Measles 1st Dose,ADMINISTRATIVE,Administrative reports from health facilities,5123466.0,5044143,98.45
Countries,GBR,United Kingdom,2019,MCV2,Measles 2nd Dose,ADMINISTRATIVE,Administrative reports from health facilities,5100786.0,4216823,82.67
Countries,GBR,United Kingdom,2019,DTP1,Diphtheria-Tetanus-Pertussis 1st Dose,ADMINISTRATIVE,Administrative reports from health facilities,,5298634,99.0
Countries,GBR,United Kingdom,2019,DTP3,Diphtheria-Tetanus-Pertussis 3rd Dose,ADMINISTRATIVE,Administrative reports from health facilities,5219170.0,4673761,89.55
Countries,GBR,United Kingdom,2019,BCG,Bacillus Calmette-Guérin (Tuberculosis),ADMINISTRATIVE,Administrative reports from health facilities,5063867.0,5013228,99.0
Countries,GBR,United Kingdom,2019,HEPB3,Hepatitis B 3rd Dose,ADMINISTRATIVE,Administrative reports from health facilities,5109699.0,4718065,92.34
Countries,GBR,United Kingdom,2019,POL3,Polio 3rd Dose,ADMINISTRATIVE,Administrative reports from health facilities,5019878.0,4638833,92.41
Countries,GBR,United Kingdom,2019,ROTA,Rotavirus Last Dose,ADMINISTRATIVE,Administrative reports from health facilities,5117521.0,4511909,88.17
Countries,GBR,United Kingdom,2019,IPV1,Inactivated Polio 1st Dose,ADMINISTRATIVE,Administrative reports from health facilities,5120922.0,4832645,94.37
Countries,GBR,United Kingdom,2019,HPV,Human Papillomavirus Last Dose,ADMINISTRATIVE,Administrative reports from health facilities,5002312.0,4720692,94.37
Countries,GBR,United Kingdom,2020,MCV1,Measles 1st Dose,OFFICIAL,Official WHO/UNICEF estimate,5243053.0,4857300,92.64
Countries,GBR,United Kingdom,2020,MCV2,Measles 2nd Dose,OFFICIAL,Official WHO/UNICEF estimate,5104307.0,4355475,85.33
Countries,GBR,United Kingdom,2020,DTP1,Diphtheria-Tetanus-Pertussis 1st Dose,OFFICIAL,Official WHO/UNICEF estimate,5185053.0,4970602,95.86
Countries,GBR,United Kingdom,2020,DTP3,Diphtheria-Tetanus-Pertussis 3rd Dose,OFFICIAL,Official WHO/UNICEF estimate,5080834.0,4069019,80.09
Countries,GBR,United Kingdom,2020,BCG,Bacillus Calmette-Guérin (Tuberculosis),OFFICIAL,Official WHO/UNICEF estimate,5144735.0,4678171,90.93
Countries,GBR,United Kingdom,2020,HEPB3,Hepatitis B 3rd Dose,OFFICIAL,Official WHO/UNICEF estimate,5230168.0,4826807,92.29
Countries,GBR,United Kingdom,2020,POL3,Polio 3rd Dose,OFFICIAL,Official WHO/UNICEF estimate,5086458.0,4399872,86.5
Countries,GBR,United Kingdom,2020,ROTA,Rotavirus Last Dose,OFFICIAL,Official WHO/UNICEF estimate,5282492.0,4873103,92.25
Countries,GBR,United Kingdom,2020,IPV1,Inactivated Polio 1st Dose,OFFICIAL,Official WHO/UNICEF estimate,5201629.0,4610894,88.64
Countries,GBR,United Kingdom,2020,HPV,Human Papillomavirus Last Dose,OFFICIAL,Official WHO/UNICEF estimate,5295319.0,4231104,79.9
Countries,GBR,United Kingdom,2021,MCV1,Measles 1st Dose,ADMINISTRATIVE,Administrative reports from health facilities,5248740.0,5126720,97.68
Countries,GBR,United Kingdom,2021,MCV2,Measles 2nd Dose,ADMINISTRATIVE,Administrative reports from health facilities,5206669.0,4365695,83.85
Countries,GBR,United Kingdom,2021,DTP1,Diphtheria-Tetanus-Pertussis 1st Dose,ADMINISTRATIVE,Administrative reports from health facilities,5308314.0,5139070,96.81
Countries,GBR,United Kingdom,2021,DTP3,Diphtheria-Tetanus-Pertussis 3rd Dose,ADMINISTRATIVE,Administrative reports from health facilities,5212703.0,4151184,79.64
Countries,GBR,United Kingdom,2021,BCG,Bacillus Calmette-Guérin (Tuberculosis),ADMINISTRATIVE,Administrative reports from health facilities,5281692.0,5032963,95.29
Countries,GBR,United Kingdom,2021,HEPB3,Hepatitis B 3rd Dose,ADMINISTRATIVE,Administrative reports from health facilities,5140209.0,4731896,92.06
Countries,GBR,United Kingdom,2021,POL3,Polio 3rd Dose,ADMINISTRATIVE,Administrative reports from health facilities,5173670.0,4683436,90.52
Countries,GBR,United Kingdom,2021,ROTA,Rotavirus Last Dose,ADMINISTRATIVE,Administrative reports from health facilities,5138133.0,4634209,90.19
Countries,GBR,United Kingdom,2021,IPV1,Inactivated Polio 1st Dose,ADMINISTRATIVE,Administrative reports from health facilities,5026372.0,4427579,88.09
Countries,GBR,United Kingdom,2021,HPV,Human Papillomavirus Last Dose,ADMINISTRATIVE,Administrative reports from health facilities,5354815.0,4157740,77.64
Countries,GBR,United Kingdom,2022,MCV1,Measles 1st Dose,OFFICIAL,Official WHO/UNICEF estimate,5350717.0,5297209,99.0
Countries,GBR,United Kingdom,2022,MCV2,Measles 2nd Dose,OFFICIAL,Official WHO/UNICEF estimate,5171880.0,4845279,93.69
Countries,GBR,United Kingdom,2022,DTP1,Diphtheria-Tetanus-Pertussis 1st Dose,OFFICIAL,Official WHO/UNICEF estimate,5070866.0,4900590,96.64
Countries,GBR,United Kingdom,2022,DTP3,Diphtheria-Tetanus-Pertussis 3rd Dose,OFFICIAL,Official WHO/UNICEF estimate,5426407.0,4708476,86.77
Countries,GBR,United Kingdom,2022,BCG,Bacillus Calmette-Guérin (Tuberculosis),OFFICIAL,Official WHO/UNICEF estimate,5262893.0,5210264,99.0
Countries,GBR,United Kingdom,2022,HEPB3,Hepatitis B 3rd Dose,OFFICIAL,Official WHO/UNICEF estimate,5259619.0,5207022,99.0
Countries,GBR,United Kingdom,2022,POL3,Polio 3rd Dose,OFFICIAL,Official WHO/UNICEF estimate,5307645.0,5194359,97.87
Countries,GBR,United Kingdom,2022,ROTA,Rotavirus Last Dose,OFFICIAL,Official WHO/UNICEF estimate,5256636.0,4997742,95.07
Countries,GBR,United Kingdom,2022,IPV1,Inactivated Polio 1st Dose,OFFICIAL,Official WHO/UNICEF estimate,5320065.0,5246806,98.62
Countries,GBR,United Kingdom,2022,HPV,Human Papillomavirus Last Dose,OFFICIAL,Official WHO/UNICEF estimate,5360763.0,4899732,91.4
Countries,GBR,United Kingdom,2023,MCV1,Measles 1st Dose,ADMINISTRATIVE,Administrative reports from health facilities,5315987.0,5262827,99.0
Countries,GBR,United Kingdom,2023,MCV2,Measles 2nd Dose,ADMINISTRATIVE,Administrative reports from health facilities,5248393.0,4287411,81.69
Countries,GBR,United Kingdom,2023,DTP1,Diphtheria-Tetanus-Pertussis 1st Dose,ADMINISTRATIVE,Administrative reports from health facilities,5377443.0,5323668,99.0%
Countries,GBR,United Kingdom,2023,DTP3,Diphtheria-Tetanus-Pertussis 3rd Dose,ADMINISTRATIVE,Administrative reports from health facilities,5328544.0,4831573,90.67
Countries,GBR,United Kingdom,2023,BCG,Bacillus Calmette-Guérin (Tuberculosis),ADMINISTRATIVE,Administrative reports from health facilities,5342910.0,5289480,99.0
Countries,GBR,United Kingdom,2023,HEPB3,Hepatitis B 3rd Dose,ADMINISTRATIVE,Administrative reports from health facilities,5245915.0,5193455,99.0
Countries,GBR,United Kingdom,2023,POL3,Polio 3rd Dose,ADMINISTRATIVE,Administrative reports from health facilities,5275845.0,5130433,97.24
Countries,GBR,United Kingdom,2023,ROTA,Rotavirus Last Dose,ADMINISTRATIVE,Administrative reports from health facilities,5187579.0,5109922,98.5
Countries,GBR,United Kingdom,2023,IPV1,Inactivated Polio 1st Dose,ADMINISTRATIVE,Administrative reports from health facilities,5276623.0,5001935,94.79
Countries,GBR,United Kingdom,2023,HPV,Human Papillomavirus Last Dose,ADMINISTRATIVE,Administrative reports from health facilities,5361197.0,5052259,94.24
Countries,GBR,United Kingdom,2024,MCV1,Measles 1st Dose,OFFICIAL,Official WHO/UNICEF estimate,5392731.0,5338803,99.0
Countries,GBR,United Kingdom,2024,MCV2,Measles 2nd Dose,OFFICIAL,Official WHO/UNICEF estimate,5258995.0,4653214,88.48
Countries,GBR,United Kingdom,2024,DTP1,Diphtheria-Tetanus-Pertussis 1st Dose,OFFICIAL,Official WHO/UNICEF estimate,5266037.0,5213376,99.0
Countries,GBR,United Kingdom,2024,DTP3,Diphtheria-Tetanus-Pertussis 3rd Dose,OFFICIAL,Official WHO/UNICEF estimate,5346407.0,4693929,87.8
Countries,GBR,United Kingdom,2024,BCG,Bacillus Calmette-Guérin (Tuberculosis),OFFICIAL,Official WHO/UNICEF estimate,5182781.0,5130953,99.0
Countries,GBR,United Kingdom,2024,HEPB3,Hepatitis B 3rd Dose,OFFICIAL,Official WHO/UNICEF estimate,5244919.0,5124587,97.71
Countries,GBR,United Kingdom,2024,POL3,Polio 3rd Dose,OFFICIAL,Official WHO/UNICEF estimate,5530508.0,5475202,99.0
Countries,GBR,United Kingdom,2024,ROTA,Rotavirus Last Dose,OFFICIAL,Official WHO/UNICEF estimate,5459779.0,5405181,99.0
Countries,GBR,United Kingdom,2024,IPV1,Inactivated Polio 1st Dose,OFFICIAL,Official WHO/UNICEF estimate,5336332.0,5282968,99.0
Countries,GBR,United Kingdom,2024,HPV,Human Papillomavirus Last Dose,OFFICIAL,Official WHO/UNICEF estimate,5226347.0,4830587,92.43
Countries,JPN,Japan,2010,MCV1,Measles 1st Dose,OFFICIAL,Official WHO/UNICEF estimate,695012.0,626475,90.14
Countries,JPN,Japan,2010,MCV2,Measles 2nd Dose,OFFICIAL,Official WHO/UNICEF estimate,703544.0,515934,73.33
Countries,JPN,Japan,2010,DTP1,Diphtheria-Tetanus-Pertussis 1st Dose,OFFICIAL,Official WHO/UNICEF estimate,667427.0,635752,95.25
Countries,JPN,Japan,2010,DTP3,Diphtheria-Tetanus-Pertussis 3rd Dose,OFFICIAL,Official WHO/UNICEF estimate,676335.0,558135,82.52
Countries,JPN,Japan,2010,BCG,Bacillus Calmette-Guérin (Tuberculosis),OFFICIAL,Official WHO/UNICEF estimate,676058.0,613691,90.77
Countries,JPN,Japan,2010,HEPB3,Hepatitis B 3rd Dose,OFFICIAL,Official WHO/UNICEF estimate,670408.0,604326,90.14
Countries,JPN,Japan,2010,POL3,Polio 3rd Dose,OFFICIAL,Official WHO/UNICEF estimate,676705.0,542835,80.22
Countries,JPN,Japan,2010,ROTA,Rotavirus Last Dose,OFFICIAL,Official WHO/UNICEF estimate,700585.0,647003,92.35
Countries,JPN,Japan,2010,IPV1,Inactivated Polio 1st Dose,OFFICIAL,Official WHO/UNICEF estimate,675587.0,581116,86.0%
Countries,JPN,Japan,2010,HPV,Human Papillomavirus Last Dose,OFFICIAL,Official WHO/UNICEF estimate,674249.0,523891,77.7
Countries,JPN,Japan,2011,MCV1,Measles 1st Dose,ADMINISTRATIVE,Administrative reports from health facilities,693477.0,641990,92.58
Countries,JPN,Japan,2011,MCV2,Measles 2nd Dose,ADMINISTRATIVE,Administrative reports from health facilities,677225.0,577325,85.25
Countries,JPN,Japan,2011,DTP1,Diphtheria-Tetanus-Pertussis 1st Dose,ADMINISTRATIVE,Administrative reports from health facilities,695022.0,638996,91.94
Countries,JPN,Japan,2011,DTP3,Diphtheria-Tetanus-Pertussis 3rd Dose,ADMINISTRATIVE,Administrative reports from health facilities,670108.0,557215,83.15
Countries,JPN,Japan,2011,BCG,Bacillus Calmette-Guérin (Tuberculosis),ADMINISTRATIVE,Administrative reports from health facilities,713498.0,639467,89.62
Countries,JPN,Japan,2011,HEPB3,Hepatitis B 3rd Dose,ADMINISTRATIVE,Administrative reports from health facilities,685831.0,554623,80.87
Countries,JPN,Japan,2011,POL3,Polio 3rd Dose,ADMINISTRATIVE,Administrative reports from health facilities,669837.0,562014,83.9
Countries,JPN,Japan,2011,ROTA,Rotavirus Last Dose,ADMINISTRATIVE,Administrative reports from health facilities,705419.0,587620,83.3
Countries,JPN,Japan,2011,IPV1,Inactivated Polio 1st Dose,ADMINISTRATIVE,Administrative reports from health facilities,705560.0,627464,88.93
Countries,JPN,Japan,2011,HPV,Human Papillomavirus Last Dose,ADMINISTRATIVE,Administrative reports from health facilities,705127.0,565992,80.27
Countries,JPN,Japan,2012,MCV1,Measles 1st Dose,OFFICIAL,Official WHO/UNICEF estimate,657813.0,624814,94.98
Countries,JPN,Japan,2012,MCV2,Measles 2nd Dose,OFFICIAL,Official WHO/UNICEF estimate,696281.0,580489,83.37
Countries,JPN,Japan,2012,DTP1,Diphtheria-Tetanus-Pertussis 1st Dose,OFFICIAL,Official WHO/UNICEF estimate,685247.0,649461,94.78
Countries,JPN,Japan,2012,DTP3,Diphtheria-Tetanus-Pertussis 3rd Dose,OFFICIAL,Official WHO/UNICEF estimate,682436.0,572295,83.86
Countries,JPN,Japan,2012,BCG,Bacillus Calmette-Guérin (Tuberculosis),OFFICIAL,Official WHO/UNICEF estimate,698588.0,683599,97.85
Countries,JPN,Japan,2012,HEPB3,Hepatitis B 3rd Dose,OFFICIAL,Official WHO/UNICEF estimate,699745.0,643439,91.95
Countries,JPN,Japan,2012,POL3,Polio 3rd Dose,OFFICIAL,Official WHO/UNICEF estimate,702981.0,658928,93.73
Countries,JPN,Japan,2012,ROTA,Rotavirus Last Dose,OFFICIAL,Official WHO/UNICEF estimate,665820.0,598973,89.96
Countries,JPN,Japan,2012,IPV1,Inactivated Polio 1st Dose,OFFICIAL,Official WHO/UNICEF estimate,675850.0,634586,93.89
Countries,JPN,Japan,2012,HPV,Human Papillomavirus Last Dose,OFFICIAL,Official WHO/UNICEF estimate,708016.0,545008,76.98
Countries,JPN,Japan,2013,MCV1,Measles 1st Dose,ADMINISTRATIVE,Administrative reports from health facilities,683183.0,658614,96.4
Countries,JPN,Japan,2013,MCV2,Measles 2nd Dose,ADMINISTRATIVE,Administrative reports from health facilities,720249.0,578331,80.3
Countries,JPN,Japan,2013,DTP1,Diphtheria-Tetanus-Pertussis 1st Dose,ADMINISTRATIVE,Administrative reports from health facilities,704651.0,682652,96.88
Countries,JPN,Japan,2013,DTP3,Diphtheria-Tetanus-Pertussis 3rd Dose,ADMINISTRATIVE,Administrative reports from health facilities,715376.0,571528,79.89
Countries,JPN,Japan,2013,BCG,Bacillus Calmette-Guérin (Tuberculosis),ADMINISTRATIVE,Administrative reports from health facilities,712545.0,683822,95.97
Countries,JPN,Japan,2013,HEPB3,Hepatitis B 3rd Dose,ADMINISTRATIVE,Administrative reports from health facilities,733096.0,641870,87.56
Countries,JPN,Japan,2013,POL3,Polio 3rd Dose,ADMINISTRATIVE,Administrative reports from health facilities,706026.0,672053,95.19
Countries,JPN,Japan,2013,ROTA,Rotavirus Last Dose,ADMINISTRATIVE,Administrative reports from health facilities,696205.0,637604,91.58
Countries,JPN,Japan,2013,IPV1,Inactivated Polio 1st Dose,ADMINISTRATIVE,Administrative reports from health facilities,674850.0,626264,92.8
Countries,JPN,Japan,2013,HPV,Human Papillomavirus Last Dose,ADMINISTRATIVE,Administrative reports from health facilities,712825.0,628616,88.19
Countries,JPN,Japan,2014,MCV1,Measles 1st Dose,OFFICIAL,Official WHO/UNICEF estimate,733342.0,687181,93.7%
Countries,JPN,Japan,2014,MCV2,Measles 2nd Dose,OFFICIAL,Official WHO/UNICEF estimate,716516.0,646081,90.17
Countries,JPN,Japan,2014,DTP1,Diphtheria-Tetanus-Pertussis 1st Dose,OFFICIAL,Official WHO/UNICEF estimate,711702.0,671918,94.41
Countries,JPN,Japan,2014,DTP3,Diphtheria-Tetanus-Pertussis 3rd Dose,OFFICIAL,Official WHO/UNICEF estimate,715332.0,608620,85.08
Countries,JPN,Japan,2014,BCG,Bacillus Calmette-Guérin (Tuberculosis),OFFICIAL,Official WHO/UNICEF estimate,718237.0,673030,93.71
Countries,JPN,Japan,2014,HEPB3,Hepatitis B 3rd Dose,OFFICIAL,Official WHO/UNICEF estimate,694493.0,661395,95.23
Countries,JPN,Japan,2014,POL3,Polio 3rd Dose,OFFICIAL,Official WHO/UNICEF estimate,702514.0,613299,87.3
Countries,JPN,Japan,2014,ROTA,Rotavirus Last Dose,OFFICIAL,Official WHO/UNICEF estimate,722591.0,653586,90.45
Countries,JPN,Japan,2014,IPV1,Inactivated Polio 1st Dose,OFFICIAL,Official WHO/UNICEF estimate,699694.0,666040,95.19
Countries,JPN,Japan,2014,HPV,Human Papillomavirus Last Dose,OFFICIAL,Official WHO/UNICEF estimate,726106.0,609193,83.9
Countries,JPN,Japan,2015,MCV1,Measles 1st Dose,ADMINISTRATIVE,Administrative reports from health facilities,720638.0,713431,99.0
Countries,JPN,Japan,2015,MCV2,Measles 2nd Dose,ADMINISTRATIVE,Administrative reports from health facilities,723440.0,614005,84.87
Countries,JPN,Japan,2015,DTP1,Diphtheria-Tetanus-Pertussis 1st Dose,ADMINISTRATIVE,Administrative reports from health facilities,719574.0,697179,96.89
Countries,JPN,Japan,2015,DTP3,Diphtheria-Tetanus-Pertussis 3rd Dose,ADMINISTRATIVE,Administrative reports from health facilities,709951.0,547518,77.12
Countries,JPN,Japan,2015,BCG,Bacillus Calmette-Guérin (Tuberculosis),ADMINISTRATIVE,Administrative reports from health facilities,705798.0,698740,99.0
Countries,JPN,Japan,2015,HEPB3,Hepatitis B 3rd Dose,ADMINISTRATIVE,Administrative reports from health facilities,694800.0,660191,95.02
Countries,JPN,Japan,2015,POL3,Polio 3rd Dose,ADMINISTRATIVE,Administrative reports from health facilities,729157.0,691757,94.87
Countries,JPN,Japan,2015,ROTA,Rotavirus Last Dose,ADMINISTRATIVE,Administrative reports from health facilities,713110.0,705978,99.0%
Countries,JPN,Japan,2015,IPV1,Inactivated Polio 1st Dose,ADMINISTRATIVE,Administrative reports from health facilities,738943.0,679878,92.01
Countries,JPN,Japan,2015,HPV,Human Papillomavirus Last Dose,ADMINISTRATIVE,Administrative reports from health facilities,731930.0,650101,88.82
Countries,JPN,Japan,2016,MCV1,Measles 1st Dose,OFFICIAL,Official WHO/UNICEF estimate,745335.0,737881,99.0
Countries,JPN,Japan,2016,MCV2,Measles 2nd Dose,OFFICIAL,Official WHO/UNICEF estimate,732997.0,689361,94.05
Countries,JPN,Japan,2016,DTP1,Diphtheria-Tetanus-Pertussis 1st Dose,OFFICIAL,Official WHO/UNICEF estimate,734698.0,727150,98.97
Countries,JPN,Japan,2016,DTP3,Diphtheria-Tetanus-Pertussis 3rd Dose,OFFICIAL,Official WHO/UNICEF estimate,721085.0,616024,85.43
Countries,JPN,Japan,2016,BCG,Bacillus Calmette-Guérin (Tuberculosis),OFFICIAL,Official WHO/UNICEF estimate,718016.0,710835,99.0
Countries,JPN,Japan,2016,HEPB3,Hepatitis B 3rd Dose,OFFICIAL,Official WHO/UNICEF estimate,704187.0,667693,94.82
Countries,JPN,Japan,2016,POL3,Polio 3rd Dose,OFFICIAL,Official WHO/UNICEF estimate,714276.0,705530,98.78
Countries,JPN,Japan,2016,ROTA,Rotavirus Last Dose,OFFICIAL,Official WHO/UNICEF estimate,743098.0,654832,88.1%
Countries,JPN,Japan,2016,IPV1,Inactivated Polio 1st Dose,OFFICIAL,Official WHO/UNICEF estimate,729197.0,716219,98.22
Countries,JPN,Japan,2016,HPV,Human Papillomavirus Last Dose,OFFICIAL,Official WHO/UNICEF estimate,720263.0,608385,84.47
Countries,JPN,Japan,2017,MCV1,Measles 1st Dose,ADMINISTRATIVE,Administrative reports from health facilities,731104.0,723792,99.0
Countries,JPN,Japan,2017,MCV2,Measles 2nd Dose,ADMINISTRATIVE,Administrative reports from health facilities,719742.0,612000,85.03
Countries,JPN,Japan,2017,DTP1,Diphtheria-Tetanus-Pertussis 1st Dose,ADMINISTRATIVE,Administrative reports from health facilities,732852.0,700594,95.6%
Countries,JPN,Japan,2017,DTP3,Diphtheria-Tetanus-Pertussis 3rd Dose,ADMINISTRATIVE,Administrative reports from health facilities,721836.0,623779,86.42
Countries,JPN,Japan,2017,BCG,Bacillus Calmette-Guérin (Tuberculosis),ADMINISTRATIVE,Administrative reports from health facilities,734810.0,716752,97.54
Countries,JPN,Japan,2017,HEPB3,Hepatitis B 3rd Dose,ADMINISTRATIVE,Administrative reports from health facilities,746191.0,675051,90.47
Countries,JPN,Japan,2017,POL3,Polio 3rd Dose,ADMINISTRATIVE,Administrative reports from health facilities,721717.0,689021,95.47
Countries,JPN,Japan,2017,ROTA,Rotavirus Last Dose,ADMINISTRATIVE,Administrative reports from health facilities,719717.0,685761,95.28
Countries,JPN,Japan,2017,IPV1,Inactivated Polio 1st Dose,ADMINISTRATIVE,Administrative reports from health facilities,720209.0,694844,96.48
Countries,JPN,Japan,2017,HPV,Human Papillomavirus Last Dose,ADMINISTRATIVE,Administrative reports from health facilities,733677.0,625088,85.2
Countries,JPN,Japan,2018,MCV1,Measles 1st Dose,OFFICIAL,Official WHO/UNICEF estimate,727853.0,720574,99.0
Countries,JPN,Japan,2018,MCV2,Measles 2nd Dose,OFFICIAL,Official WHO/UNICEF estimate,718595.0,600339,83.54
Countries,JPN,Japan,2018,DTP1,Diphtheria-Tetanus-Pertussis 1st Dose,OFFICIAL,Official WHO/UNICEF estimate,738970.0,731580,99.0
Countries,JPN,Japan,2018,DTP3,Diphtheria-Tetanus-Pertussis 3rd Dose,OFFICIAL,Official WHO/UNICEF estimate,730682.0,659182,90.21
Countries,JPN,Japan,2018,BCG,Bacillus Calmette-Guérin (Tuberculosis),OFFICIAL,Official WHO/UNICEF estimate,,728311,98.71
Countries,JPN,Japan,2018,HEPB3,Hepatitis B 3rd Dose,OFFICIAL,Official WHO/UNICEF estimate,747839.0,705526,94.34
Countries,JPN,Japan,2018,POL3,Polio 3rd Dose,OFFICIAL,Official WHO/UNICEF estimate,733409.0,693971,94.62
Countries,JPN,Japan,2018,ROTA,Rotavirus Last Dose,OFFICIAL,Official WHO/UNICEF estimate,,719143,99.0
Countries,JPN,Japan,2018,IPV1,Inactivated Polio 1st Dose,OFFICIAL,Official WHO/UNICEF estimate,726586.0,666238,91.7%
Countries,JPN,Japan,2018,HPV,Human Papillomavirus Last Dose,OFFICIAL,Official WHO/UNICEF estimate,744627.0,662241,88.94
Countries,JPN,Japan,2019,MCV1,Measles 1st Dose,ADMINISTRATIVE,Administrative reports from health facilities,732777.0,725449,99.0
Countries,JPN,Japan,2019,MCV2,Measles 2nd Dose,ADMINISTRATIVE,Administrative reports from health facilities,757251.0,664124,87.7
Countries,JPN,Japan,2019,DTP1,Diphtheria-Tetanus-Pertussis 1st Dose,ADMINISTRATIVE,Administrative reports from health facilities,736965.0,729595,99.0
Countries,JPN,Japan,2019,DTP3,Diphtheria-Tetanus-Pertussis 3rd Dose,ADMINISTRATIVE,Administrative reports from health facilities,751327.0,650898,86.63
Countries,JPN,Japan,2019,BCG,Bacillus Calmette-Guérin (Tuberculosis),ADMINISTRATIVE,Administrative reports from health facilities,727273.0,720000,99.0
Countries,JPN,Japan,2019,HEPB3,Hepatitis B 3rd Dose,ADMINISTRATIVE,Administrative reports from health facilities,728782.0,689795,94.65
Countries,JPN,Japan,2019,POL3,Polio 3rd Dose,ADMINISTRATIVE,Administrative reports from health facilities,741154.0,730589,98.57
Countries,JPN,Japan,2019,ROTA,Rotavirus Last Dose,ADMINISTRATIVE,Administrative reports from health facilities,735091.0,698234,94.99
Countries,JPN,Japan,2019,IPV1,Inactivated Polio 1st Dose,ADMINISTRATIVE,Administrative reports from health facilities,,725586,95.12
Countries,JPN,Japan,2019,HPV,Human Papillomavirus Last Dose,ADMINISTRATIVE,Administrative reports from health facilities,730611.0,664786,90.99
Countries,JPN,Japan,2020,MCV1,Measles 1st Dose,OFFICIAL,Official WHO/UNICEF estimate,750126.0,645152,86.01
Countries,JPN,Japan,2020,MCV2,Measles 2nd Dose,OFFICIAL,Official WHO/UNICEF estimate,747270.0,601209,80.45
Countries,JPN,Japan,2020,DTP1,Diphtheria-Tetanus-Pertussis 1st Dose,OFFICIAL,Official WHO/UNICEF estimate,,689743,93.57
Countries,JPN,Japan,2020,DTP3,Diphtheria-Tetanus-Pertussis 3rd Dose,OFFICIAL,Official WHO/UNICEF estimate,777709.0,696218,89.52
Countries,JPN,Japan,2020,BCG,Bacillus Calmette-Guérin (Tuberculosis),OFFICIAL,Official WHO/UNICEF estimate,753936.0,709467,94.1
Countries,JPN,Japan,2020,HEPB3,Hepatitis B 3rd Dose,OFFICIAL,Official WHO/UNICEF estimate,753891.0,700692,92.94
Countries,JPN,Japan,2020,POL3,Polio 3rd Dose,OFFICIAL,Official WHO/UNICEF estimate,734328.0,644975,87.83
Countries,JPN,Japan,2020,ROTA,Rotavirus Last Dose,OFFICIAL,Official WHO/UNICEF estimate,735804.0,658859,89.54
Countries,JPN,Japan,2020,IPV1,Inactivated Polio 1st Dose,OFFICIAL,Official WHO/UNICEF estimate,751728.0,704350,93.7
Countries,JPN,Japan,2020,HPV,Human Papillomavirus Last Dose,OFFICIAL,Official WHO/UNICEF estimate,747687.0,622992,83.32
Countries,JPN,Japan,2021,MCV1,Measles 1st Dose,ADMINISTRATIVE,Administrative reports from health facilities,750369.0,742865,99.0%
Countries,JPN,Japan,2021,MCV2,Measles 2nd Dose,ADMINISTRATIVE,Administrative reports from health facilities,754035.0,628256,83.32
Countries,JPN,Japan,2021,DTP1,Diphtheria-Tetanus-Pertussis 1st Dose,ADMINISTRATIVE,Administrative reports from health facilities,772264.0,737695,95.52
Countries,JPN,Japan,2021,DTP3,Diphtheria-Tetanus-Pertussis 3rd Dose,ADMINISTRATIVE,Administrative reports from health facilities,763937.0,608507,79.65
Countries,JPN,Japan,2021,BCG,Bacillus Calmette-Guérin (Tuberculosis),ADMINISTRATIVE,Administrative reports from health facilities,771711.0,763993,99.0
Countries,JPN,Japan,2021,HEPB3,Hepatitis B 3rd Dose,ADMINISTRATIVE,Administrative reports from health facilities,765815.0,675317,88.18
Countries,JPN,Japan,2021,POL3,Polio 3rd Dose,ADMINISTRATIVE,Administrative reports from health facilities,772774.0,651990,84.37
Countries,JPN,Japan,2021,ROTA,Rotavirus Last Dose,ADMINISTRATIVE,Administrative reports from health facilities,763136.0,755504,99.0
Countries,JPN,Japan,2021,IPV1,Inactivated Polio 1st Dose,ADMINISTRATIVE,Administrative reports from health facilities,740611.0,704796,95.16
Countries,JPN,Japan,2021,HPV,Human Papillomavirus Last Dose,ADMINISTRATIVE,Administrative reports from health facilities,754476.0,594436,78.79
Countries,JPN,Japan,2022,MCV1,Measles 1st Dose,OFFICIAL,Official WHO/UNICEF estimate,770062.0,762361,99.0
Countries,JPN,Japan,2022,MCV2,Measles 2nd Dose,OFFICIAL,Official WHO/UNICEF estimate,767755.0,671775,87.5
Countries,JPN,Japan,2022,DTP1,Diphtheria-Tetanus-Pertussis 1st Dose,OFFICIAL,Official WHO/UNICEF estimate,772601.0,764874,99.0
Countries,JPN,Japan,2022,DTP3,Diphtheria-Tetanus-Pertussis 3rd Dose,OFFICIAL,Official WHO/UNICEF estimate,775990.0,685445,88.33
Countries,JPN,Japan,2022,BCG,Bacillus Calmette-Guérin (Tuberculosis),OFFICIAL,Official WHO/UNICEF estimate,767001.0,759330,99.0
Countries,JPN,Japan,2022,HEPB3,Hepatitis B 3rd Dose,OFFICIAL,Official WHO/UNICEF estimate,763336.0,755702,99.0
Countries,JPN,Japan,2022,POL3,Polio 3rd Dose,OFFICIAL,Official WHO/UNICEF estimate,766621.0,715777,93.37
Countries,JPN,Japan,2022,ROTA,Rotavirus Last Dose,OFFICIAL,Official WHO/UNICEF estimate,779780.0,771982,99.0
Countries,JPN,Japan,2022,IPV1,Inactivated Polio 1st Dose,OFFICIAL,Official WHO/UNICEF estimate,775402.0,728562,93.96
Countries,JPN,Japan,2022,HPV,Human Papillomavirus Last Dose,OFFICIAL,Official WHO/UNICEF estimate,785905.0,697529,88.75
Countries,JPN,Japan,2023,MCV1,Measles 1st Dose,ADMINISTRATIVE,Administrative reports from health facilities,781965.0,774145,99.0
Countries,JPN,Japan,2023,MCV2,Measles 2nd Dose,ADMINISTRATIVE,Administrative reports from health facilities,764672.0,681982,89.19
Countries,JPN,Japan,2023,DTP1,Diphtheria-Tetanus-Pertussis 1st Dose,ADMINISTRATIVE,Administrative reports from health facilities,788105.0,780223,99.0
Countries,JPN,Japan,2023,DTP3,Diphtheria-Tetanus-Pertussis 3rd Dose,ADMINISTRATIVE,Administrative reports from health facilities,786065.0,657026,83.58
Countries,JPN,Japan,2023,BCG,Bacillus Calmette-Guérin (Tuberculosis),ADMINISTRATIVE,Administrative reports from health facilities,773077.0,765346,99.0
Countries,JPN,Japan,2023,HEPB3,Hepatitis B 3rd Dose,ADMINISTRATIVE,Administrative reports from health facilities,780996.0,734616,94.06
Countries,JPN,Japan,2023,POL3,Polio 3rd Dose,ADMINISTRATIVE,Administrative reports from health facilities,765450.0,757795,99.0
Countries,JPN,Japan,2023,ROTA,Rotavirus Last Dose,ADMINISTRATIVE,Administrative reports from health facilities,772578.0,764852,99.0
Countries,JPN,Japan,2023,IPV1,Inactivated Polio 1st Dose,ADMINISTRATIVE,Administrative reports from health facilities,753363.0,728347,96.68
Countries,JPN,Japan,2023,HPV,Human Papillomavirus Last Dose,ADMINISTRATIVE,Administrative reports from health facilities,774203.0,737599,95.27
Countries,JPN,Japan,2024,MCV1,Measles 1st Dose,OFFICIAL,Official WHO/UNICEF estimate,775575.0,767819,99.0
Countries,JPN,Japan,2024,MCV2,Measles 2nd Dose,OFFICIAL,Official WHO/UNICEF estimate,773438.0,724078,93.62
Countries,JPN,Japan,2024,DTP1,Diphtheria-Tetanus-Pertussis 1st Dose,OFFICIAL,Official WHO/UNICEF estimate,777967.0,770187,99.0
Countries,JPN,Japan,2024,DTP3,Diphtheria-Tetanus-Pertussis 3rd Dose,OFFICIAL,Official WHO/UNICEF estimate,777264.0,704956,90.7
Countries,JPN,Japan,2024,BCG,Bacillus Calmette-Guérin (Tuberculosis),OFFICIAL,Official WHO/UNICEF estimate,796927.0,788957,99.0
Countries,JPN,Japan,2024,HEPB3,Hepatitis B 3rd Dose,OFFICIAL,Official WHO/UNICEF estimate,765326.0,757672,99.0
Countries,JPN,Japan,2024,POL3,Polio 3rd Dose,OFFICIAL,Official WHO/UNICEF estimate,776304.0,713656,91.93
Countries,JPN,Japan,2024,ROTA,Rotavirus Last Dose,OFFICIAL,Official WHO/UNICEF estimate,759019.0,700294,92.26
Countries,JPN,Japan,2024,IPV1,Inactivated Polio 1st Dose,OFFICIAL,Official WHO/UNICEF estimate,788865.0,768401,97.41
Countries,JPN,Japan,2024,HPV,Human Papillomavirus Last Dose,OFFICIAL,Official WHO/UNICEF estimate,748047.0,675769,90.34
Countries,MEX,Mexico,2010,MCV1,Measles 1st Dose,OFFICIAL,Official WHO/UNICEF estimate,12574666.0,10780400,85.73
Countries,MEX,Mexico,2010,MCV2,Measles 2nd Dose,OFFICIAL,Official WHO/UNICEF estimate,12432651.0,9187111,73.9
Countries,MEX,Mexico,2010,DTP1,Diphtheria-Tetanus-Pertussis 1st Dose,OFFICIAL,Official WHO/UNICEF estimate,12346004.0,9808940,79.45
Countries,MEX,Mexico,2010,DTP3,Diphtheria-Tetanus-Pertussis 3rd Dose,OFFICIAL,Official WHO/UNICEF estimate,12435387.0,8961534,72.06
Countries,MEX,Mexico,2010,BCG,Bacillus Calmette-Guérin (Tuberculosis),OFFICIAL,Official WHO/UNICEF estimate,12381297.0,10266445,82.92
Countries,MEX,Mexico,2010,HEPB3,Hepatitis B 3rd Dose,OFFICIAL,Official WHO/UNICEF estimate,12468502.0,9941608,79.73
Countries,MEX,Mexico,2010,POL3,Polio 3rd Dose,OFFICIAL,Official WHO/UNICEF estimate,12419670.0,9104589,73.31
Countries,MEX,Mexico,2010,ROTA,Rotavirus Last Dose,OFFICIAL,Official WHO/UNICEF estimate,12403418.0,9802319,79.0%
Countries,MEX,Mexico,2010,IPV1,Inactivated Polio 1st Dose,OFFICIAL,Official WHO/UNICEF estimate,12289794.0,10099221,82.18
Countries,MEX,Mexico,2010,HPV,Human Papillomavirus Last Dose,OFFICIAL,Official WHO/UNICEF estimate,12606217.0,9407168,74.62
Countries,MEX,Mexico,2011,MCV1,Measles 1st Dose,ADMINISTRATIVE,Administrative reports from health facilities,12547198.0,10310928,82.18
Countries,MEX,Mexico,2011,MCV2,Measles 2nd Dose,ADMINISTRATIVE,Administrative reports from health facilities,12496292.0,8857056,70.88
Countries,MEX,Mexico,2011,DTP1,Diphtheria-Tetanus-Pertussis 1st Dose,ADMINISTRATIVE,Administrative reports from health facilities,12593430.0,11324129,89.92
Countries,MEX,Mexico,2011,DTP3,Diphtheria-Tetanus-Pertussis 3rd Dose,ADMINISTRATIVE,Administrative reports from health facilities,12857195.0,9793971,76.18
Countries,MEX,Mexico,2011,BCG,Bacillus Calmette-Guérin (Tuberculosis),ADMINISTRATIVE,Administrative reports from health facilities,12242548.0,9628440,78.6%
Countries,MEX,Mexico,2011,HEPB3,Hepatitis B 3rd Dose,ADMINISTRATIVE,Administrative reports from health facilities,12710807.0,9732416,76.57
Countries,MEX,Mexico,2011,POL3,Polio 3rd Dose,ADMINISTRATIVE,Administrative reports from health facilities,12455161.0,9245511,74.23
Countries,MEX,Mexico,2011,ROTA,Rotavirus Last Dose,ADMINISTRATIVE,Administrative reports from health facilities,13094627.0,10316682,78.79
Countries,MEX,Mexico,2011,IPV1,Inactivated Polio 1st Dose,ADMINISTRATIVE,Administrative reports from health facilities,13077970.0,10641727,81.37
Countries,MEX,Mexico,2011,HPV,Human Papillomavirus Last Dose,ADMINISTRATIVE,Administrative reports from health facilities,,9067601,71.65
Countries,MEX,Mexico,2012,MCV1,Measles 1st Dose,OFFICIAL,Official WHO/UNICEF estimate,12773466.0,10879193,85.17
Countries,MEX,Mexico,2012,MCV2,Measles 2nd Dose,OFFICIAL,Official WHO/UNICEF estimate,12890307.0,8722343,67.67
Countries,MEX,Mexico,2012,DTP1,Diphtheria-Tetanus-Pertussis 1st Dose,OFFICIAL,Official WHO/UNICEF estimate,12676555.0,10694229,84.36
Countries,MEX,Mexico,2012,DTP3,Diphtheria-Tetanus-Pertussis 3rd Dose,OFFICIAL,Official WHO/UNICEF estimate,12459251.0,8628300,69.25
Countries,MEX,Mexico,2012,BCG,Bacillus Calmette-Guérin (Tuberculosis),OFFICIAL,Official WHO/UNICEF estimate,,10413707,83.46
Countries,MEX,Mexico,2012,HEPB3,Hepatitis B 3rd Dose,OFFICIAL,Official WHO/UNICEF estimate,12557695.0,10176373,81.04
Countries,MEX,Mexico,2012,POL3,Polio 3rd Dose,OFFICIAL,Official WHO/UNICEF estimate,12569167.0,10553070,83.96
Countries,MEX,Mexico,2012,ROTA,Rotavirus Last Dose,OFFICIAL,Official WHO/UNICEF estimate,12915671.0,11104008,86.0%
Countries,MEX,Mexico,2012,IPV1,Inactivated Polio 1st Dose,OFFICIAL,Official WHO/UNICEF estimate,12520185.0,9869204,78.83
Countries,MEX,Mexico,2012,HPV,Human Papillomavirus Last Dose,OFFICIAL,Official WHO/UNICEF estimate,12914742.0,9225286,71.43
Countries,MEX,Mexico,2013,MCV1,Measles 1st Dose,ADMINISTRATIVE,Administrative reports from health facilities,12998344.0,11361665,87.41
Countries,MEX,Mexico,2013,MCV2,Measles 2nd Dose,ADMINISTRATIVE,Administrative reports from health facilities,12915384.0,9490559,73.48
Countries,MEX,Mexico,2013,DTP1,Diphtheria-Tetanus-Pertussis 1st Dose,ADMINISTRATIVE,Administrative reports from health facilities,12568773.0,10520189,83.7
Countries,MEX,Mexico,2013,DTP3,Diphtheria-Tetanus-Pertussis 3rd Dose,ADMINISTRATIVE,Administrative reports from health facilities,12385862.0,9088799,73.38
Countries,MEX,Mexico,2013,BCG,Bacillus Calmette-Guérin (Tuberculosis),ADMINISTRATIVE,Administrative reports from health facilities,12781349.0,10324361,80.78
Countries,MEX,Mexico,2013,HEPB3,Hepatitis B 3rd Dose,ADMINISTRATIVE,Administrative reports from health facilities,12556948.0,10616594,84.55
Countries,MEX,Mexico,2013,POL3,Polio 3rd Dose,ADMINISTRATIVE,Administrative reports from health facilities,13223806.0,10140475,76.68
Countries,MEX,Mexico,2013,ROTA,Rotavirus Last Dose,ADMINISTRATIVE,Administrative reports from health facilities,12753243.0,10830077,84.92
Countries,MEX,Mexico,2013,IPV1,Inactivated Polio 1st Dose,ADMINISTRATIVE,Administrative reports from health facilities,12684163.0,9909140,78.12
Countries,MEX,Mexico,2013,HPV,Human Papillomavirus Last Dose,ADMINISTRATIVE,Administrative reports from health facilities,12825186.0,9182818,71.6
Countries,MEX,Mexico,2014,MCV1,Measles 1st Dose,OFFICIAL,Official WHO/UNICEF estimate,12915944.0,9695461,75.07
Countries,MEX,Mexico,2014,MCV2,Measles 2nd Dose,OFFICIAL,Official WHO/UNICEF estimate,12582852.0,9604538,76.33
Countries,MEX,Mexico,2014,DTP1,Diphtheria-Tetanus-Pertussis 1st Dose,OFFICIAL,Official WHO/UNICEF estimate,13338694.0,11620808,87.12
Countries,MEX,Mexico,2014,DTP3,Diphtheria-Tetanus-Pertussis 3rd Dose,OFFICIAL,Official WHO/UNICEF estimate,13111709.0,9133393,69.7%
Countries,MEX,Mexico,2014,BCG,Bacillus Calmette-Guérin (Tuberculosis),OFFICIAL,Official WHO/UNICEF estimate,13099771.0,10880962,83.06
Countries,MEX,Mexico,2014,HEPB3,Hepatitis B 3rd Dose,OFFICIAL,Official WHO/UNICEF estimate,13150747.0,11066073,84.15
Countries,MEX,Mexico,2014,POL3,Polio 3rd Dose,OFFICIAL,Official WHO/UNICEF estimate,13166000.0,10821888,82.2
Countries,MEX,Mexico,2014,ROTA,Rotavirus Last Dose,OFFICIAL,Official WHO/UNICEF estimate,12920045.0,11139807,86.22
Countries,MEX,Mexico,2014,IPV1,Inactivated Polio 1st Dose,OFFICIAL,Official WHO/UNICEF estimate,13086165.0,10781809,82.39
Countries,MEX,Mexico,2014,HPV,Human Papillomavirus Last Dose,OFFICIAL,Official WHO/UNICEF estimate,12277855.0,9813246,79.93
Countries,MEX,Mexico,2015,MCV1,Measles 1st Dose,ADMINISTRATIVE,Administrative reports from health facilities,13243322.0,12329426,93.1
Countries,MEX,Mexico,2015,MCV2,Measles 2nd Dose,ADMINISTRATIVE,Administrative reports from health facilities,13439456.0,10180240,75.75
Countries,MEX,Mexico,2015,DTP1,Diphtheria-Tetanus-Pertussis 1st Dose,ADMINISTRATIVE,Administrative reports from health facilities,13287579.0,11609377,87.37
Countries,MEX,Mexico,2015,DTP3,Diphtheria-Tetanus-Pertussis 3rd Dose,ADMINISTRATIVE,Administrative reports from health facilities,12861187.0,9278358,72.14
Countries,MEX,Mexico,2015,BCG,Bacillus Calmette-Guérin (Tuberculosis),ADMINISTRATIVE,Administrative reports from health facilities,12854470.0,11601971,90.26
Countries,MEX,Mexico,2015,HEPB3,Hepatitis B 3rd Dose,ADMINISTRATIVE,Administrative reports from health facilities,12810566.0,10380263,81.03
Countries,MEX,Mexico,2015,POL3,Polio 3rd Dose,ADMINISTRATIVE,Administrative reports from health facilities,12940819.0,9905899,76.55
Countries,MEX,Mexico,2015,ROTA,Rotavirus Last Dose,ADMINISTRATIVE,Administrative reports from health facilities,13596889.0,11780702,86.64
Countries,MEX,Mexico,2015,IPV1,Inactivated Polio 1st Dose,ADMINISTRATIVE,Administrative reports from health facilities,13220549.0,11126851,84.16
Countries,MEX,Mexico,2015,HPV,Human Papillomavirus Last Dose,ADMINISTRATIVE,Administrative reports from health facilities,13108791.0,10435932,79.61
Countries,MEX,Mexico,2016,MCV1,Measles 1st Dose,OFFICIAL,Official WHO/UNICEF estimate,13493814.0,11947754,88.54
Countries,MEX,Mexico,2016,MCV2,Measles 2nd Dose,OFFICIAL,Official WHO/UNICEF estimate,13503899.0,9907254,73.4%
Countries,MEX,Mexico,2016,DTP1,Diphtheria-Tetanus-Pertussis 1st Dose,OFFICIAL,Official WHO/UNICEF estimate,13580694.0,12525363,92.23
Countries,MEX,Mexico,2016,DTP3,Diphtheria-Tetanus-Pertussis 3rd Dose,OFFICIAL,Official WHO/UNICEF estimate,13228740.0,9566629,72.32
Countries,MEX,Mexico,2016,BCG,Bacillus Calmette-Guérin (Tuberculosis),OFFICIAL,Official WHO/UNICEF estimate,13822119.0,12666395,91.64
Countries,MEX,Mexico,2016,HEPB3,Hepatitis B 3rd Dose,OFFICIAL,Official WHO/UNICEF estimate,12799796.0,10599068,82.81
Countries,MEX,Mexico,2016,POL3,Polio 3rd Dose,OFFICIAL,Official WHO/UNICEF estimate,12816354.0,10996675,85.8
Countries,MEX,Mexico,2016,ROTA,Rotavirus Last Dose,OFFICIAL,Official WHO/UNICEF estimate,13421967.0,12000933,89.41
Countries,MEX,Mexico,2016,IPV1,Inactivated Polio 1st Dose,OFFICIAL,Official WHO/UNICEF estimate,13239808.0,11239197,84.89
Countries,MEX,Mexico,2016,HPV,Human Papillomavirus Last Dose,OFFICIAL,Official WHO/UNICEF estimate,13386410.0,9675014,72.27
Countries,MEX,Mexico,2017,MCV1,Measles 1st Dose,ADMINISTRATIVE,Administrative reports from health facilities,13161855.0,11174231,84.9
Countries,MEX,Mexico,2017,MCV2,Measles 2nd Dose,ADMINISTRATIVE,Administrative reports from health facilities,13261982.0,10425596,78.61
Countries,MEX,Mexico,2017,DTP1,Diphtheria-Tetanus-Pertussis 1st Dose,ADMINISTRATIVE,Administrative reports from health facilities,13437846.0,12166049,90.54
Countries,MEX,Mexico,2017,DTP3,Diphtheria-Tetanus-Pertussis 3rd Dose,ADMINISTRATIVE,Administrative reports from health facilities,13351697.0,10095874,75.61
Countries,MEX,Mexico,2017,BCG,Bacillus Calmette-Guérin (Tuberculosis),ADMINISTRATIVE,Administrative reports from health facilities,13565826.0,12503518,92.17
Countries,MEX,Mexico,2017,HEPB3,Hepatitis B 3rd Dose,ADMINISTRATIVE,Administrative reports from health facilities,13249446.0,10650387,80.38
Countries,MEX,Mexico,2017,POL3,Polio 3rd Dose,ADMINISTRATIVE,Administrative reports from health facilities,13258593.0,12129917,91.49
Countries,MEX,Mexico,2017,ROTA,Rotavirus Last Dose,ADMINISTRATIVE,Administrative reports from health facilities,,11025433,81.12
Countries,MEX,Mexico,2017,IPV1,Inactivated Polio 1st Dose,ADMINISTRATIVE,Administrative reports from health facilities,12938576.0,10807198,83.53
Countries,MEX,Mexico,2017,HPV,Human Papillomavirus Last Dose,ADMINISTRATIVE,Administrative reports from health facilities,13151369.0,10505355,79.88
Countries,MEX,Mexico,2018,MCV1,Measles 1st Dose,OFFICIAL,Official WHO/UNICEF estimate,13574125.0,11478188,84.56
Countries,MEX,Mexico,2018,MCV2,Measles 2nd Dose,OFFICIAL,Official WHO/UNICEF estimate,13263986.0,9758218,73.57
Countries,MEX,Mexico,2018,DTP1,Diphtheria-Tetanus-Pertussis 1st Dose,OFFICIAL,Official WHO/UNICEF estimate,13551399.0,12428924,91.72
Countries,MEX,Mexico,2018,DTP3,Diphtheria-Tetanus-Pertussis 3rd Dose,OFFICIAL,Official WHO/UNICEF estimate,13400923.0,10448448,77.97
Countries,MEX,Mexico,2018,BCG,Bacillus Calmette-Guérin (Tuberculosis),OFFICIAL,Official WHO/UNICEF estimate,13695093.0,12903499,94.22
Countries,MEX,Mexico,2018,HEPB3,Hepatitis B 3rd Dose,OFFICIAL,Official WHO/UNICEF estimate,13109370.0,11481428,87.58
Countries,MEX,Mexico,2018,POL3,Polio 3rd Dose,OFFICIAL,Official WHO/UNICEF estimate,13793593.0,12096420,87.7
Countries,MEX,Mexico,2018,ROTA,Rotavirus Last Dose,OFFICIAL,Official WHO/UNICEF estimate,13227121.0,11005410,83.2
Countries,MEX,Mexico,2018,IPV1,Inactivated Polio 1st Dose,OFFICIAL,Official WHO/UNICEF estimate,13307442.0,10415730,78.3%
Countries,MEX,Mexico,2018,HPV,Human Papillomavirus Last Dose,OFFICIAL,Official WHO/UNICEF estimate,13516290.0,10368795,76.71
Countries,MEX,Mexico,2019,MCV1,Measles 1st Dose,ADMINISTRATIVE,Administrative reports from health facilities,13316031.0,11692423,87.81
Countries,MEX,Mexico,2019,MCV2,Measles 2nd Dose,ADMINISTRATIVE,Administrative reports from health facilities,13889560.0,11758108,84.65
Countries,MEX,Mexico,2019,DTP1,Diphtheria-Tetanus-Pertussis 1st Dose,ADMINISTRATIVE,Administrative reports from health facilities,13793383.0,13069992,94.76
Countries,MEX,Mexico,2019,DTP3,Diphtheria-Tetanus-Pertussis 3rd Dose,ADMINISTRATIVE,Administrative reports from health facilities,13875536.0,10651075,76.76
Countries,MEX,Mexico,2019,BCG,Bacillus Calmette-Guérin (Tuberculosis),ADMINISTRATIVE,Administrative reports from health facilities,13348327.0,12047349,90.25
Countries,MEX,Mexico,2019,HEPB3,Hepatitis B 3rd Dose,ADMINISTRATIVE,Administrative reports from health facilities,13515360.0,11029919,81.61
Countries,MEX,Mexico,2019,POL3,Polio 3rd Dose,ADMINISTRATIVE,Administrative reports from health facilities,13701670.0,11313933,82.57
Countries,MEX,Mexico,2019,ROTA,Rotavirus Last Dose,ADMINISTRATIVE,Administrative reports from health facilities,13786998.0,10609875,76.96
Countries,MEX,Mexico,2019,IPV1,Inactivated Polio 1st Dose,ADMINISTRATIVE,Administrative reports from health facilities,13422675.0,11333151,84.43
Countries,MEX,Mexico,2019,HPV,Human Papillomavirus Last Dose,ADMINISTRATIVE,Administrative reports from health facilities,13541403.0,10307531,76.12
Countries,MEX,Mexico,2020,MCV1,Measles 1st Dose,OFFICIAL,Official WHO/UNICEF estimate,14058384.0,12439848,88.49
Countries,MEX,Mexico,2020,MCV2,Measles 2nd Dose,OFFICIAL,Official WHO/UNICEF estimate,14012802.0,10155491,72.47
Countries,MEX,Mexico,2020,DTP1,Diphtheria-Tetanus-Pertussis 1st Dose,OFFICIAL,Official WHO/UNICEF estimate,13845290.0,12049923,87.03
Countries,MEX,Mexico,2020,DTP3,Diphtheria-Tetanus-Pertussis 3rd Dose,OFFICIAL,Official WHO/UNICEF estimate,13842922.0,9841530,71.09
Countries,MEX,Mexico,2020,BCG,Bacillus Calmette-Guérin (Tuberculosis),OFFICIAL,Official WHO/UNICEF estimate,13788951.0,11799295,85.57
Countries,MEX,Mexico,2020,HEPB3,Hepatitis B 3rd Dose,OFFICIAL,Official WHO/UNICEF estimate,13446845.0,11075109,82.36
Countries,MEX,Mexico,2020,POL3,Polio 3rd Dose,OFFICIAL,Official WHO/UNICEF estimate,13911674.0,11561615,83.11
Countries,MEX,Mexico,2020,ROTA,Rotavirus Last Dose,OFFICIAL,Official WHO/UNICEF estimate,13716882.0,9951682,72.55
Countries,MEX,Mexico,2020,IPV1,Inactivated Polio 1st Dose,OFFICIAL,Official WHO/UNICEF estimate,13694806.0,10278565,75.05
Countries,MEX,Mexico,2020,HPV,Human Papillomavirus Last Dose,OFFICIAL,Official WHO/UNICEF estimate,13430440.0,10161072,75.66
Countries,MEX,Mexico,2021,MCV1,Measles 1st Dose,ADMINISTRATIVE,Administrative reports from health facilities,,11554571,84.62
Countries,MEX,Mexico,2021,MCV2,Measles 2nd Dose,ADMINISTRATIVE,Administrative reports from health facilities,13950011.0,9910503,71.04
Countries,MEX,Mexico,2021,DTP1,Diphtheria-Tetanus-Pertussis 1st Dose,ADMINISTRATIVE,Administrative reports from health facilities,13969521.0,11122712,79.62
Countries,MEX,Mexico,2021,DTP3,Diphtheria-Tetanus-Pertussis 3rd Dose,ADMINISTRATIVE,Administrative reports from health facilities,14146382.0,11053543,78.1%
Countries,MEX,Mexico,2021,BCG,Bacillus Calmette-Guérin (Tuberculosis),ADMINISTRATIVE,Administrative reports from health facilities,,11757173,85.66
Countries,MEX,Mexico,2021,HEPB3,Hepatitis B 3rd Dose,ADMINISTRATIVE,Administrative reports from health facilities,13869722.0,11939064,86.08
Countries,MEX,Mexico,2021,POL3,Polio 3rd Dose,ADMINISTRATIVE,Administrative reports from health facilities,13820349.0,12211780,88.36
Countries,MEX,Mexico,2021,ROTA,Rotavirus Last Dose,ADMINISTRATIVE,Administrative reports from health facilities,13616637.0,10748530,78.94
Countries,MEX,Mexico,2021,IPV1,Inactivated Polio 1st Dose,ADMINISTRATIVE,Administrative reports from health facilities,13913661.0,11601952,83.39
Countries,MEX,Mexico,2021,HPV,Human Papillomavirus Last Dose,ADMINISTRATIVE,Administrative reports from health facilities,14279245.0,10359760,72.55
Countries,MEX,Mexico,2022,MCV1,Measles 1st Dose,OFFICIAL,Official WHO/UNICEF estimate,14284957.0,13507208,94.56
Countries,MEX,Mexico,2022,MCV2,Measles 2nd Dose,OFFICIAL,Official WHO/UNICEF estimate,14121696.0,11457679,81.14
Countries,MEX,Mexico,2022,DTP1,Diphtheria-Tetanus-Pertussis 1st Dose,OFFICIAL,Official WHO/UNICEF estimate,13380526.0,11977697,89.52
Countries,MEX,Mexico,2022,DTP3,Diphtheria-Tetanus-Pertussis 3rd Dose,OFFICIAL,Official WHO/UNICEF estimate,14008343.0,11346302,81.0
Countries,MEX,Mexico,2022,BCG,Bacillus Calmette-Guérin (Tuberculosis),OFFICIAL,Official WHO/UNICEF estimate,14166712.0,13263659,93.63
Countries,MEX,Mexico,2022,HEPB3,Hepatitis B 3rd Dose,OFFICIAL,Official WHO/UNICEF estimate,13540099.0,11273658,83.26
Countries,MEX,Mexico,2022,POL3,Polio 3rd Dose,OFFICIAL,Official WHO/UNICEF estimate,13990443.0,11302976,80.79
Countries,MEX,Mexico,2022,ROTA,Rotavirus Last Dose,OFFICIAL,Official WHO/UNICEF estimate,13734128.0,12867124,93.69
Countries,MEX,Mexico,2022,IPV1,Inactivated Polio 1st Dose,OFFICIAL,Official WHO/UNICEF estimate,13999178.0,11769544,84.07
Countries,MEX,Mexico,2022,HPV,Human Papillomavirus Last Dose,OFFICIAL,Official WHO/UNICEF estimate,14213849.0,11201175,78.8
Countries,MEX,Mexico,2023,MCV1,Measles 1st Dose,ADMINISTRATIVE,Administrative reports from health facilities,13867729.0,13324602,96.1%
Countries,MEX,Mexico,2023,MCV2,Measles 2nd Dose,ADMINISTRATIVE,Administrative reports from health facilities,13743190.0,11082243,80.64
Countries,MEX,Mexico,2023,DTP1,Diphtheria-Tetanus-Pertussis 1st Dose,ADMINISTRATIVE,Administrative reports from health facilities,13801745.0,13028290,94.4
Countries,MEX,Mexico,2023,DTP3,Diphtheria-Tetanus-Pertussis 3rd Dose,ADMINISTRATIVE,Administrative reports from health facilities,14072726.0,11722000,83.3
Countries,MEX,Mexico,2023,BCG,Bacillus Calmette-Guérin (Tuberculosis),ADMINISTRATIVE,Administrative reports from health facilities,14357276.0,13424111,93.5
Countries,MEX,Mexico,2023,HEPB3,Hepatitis B 3rd Dose,ADMINISTRATIVE,Administrative reports from health facilities,14386580.0,12040351,83.69
Countries,MEX,Mexico,2023,POL3,Polio 3rd Dose,ADMINISTRATIVE,Administrative reports from health facilities,13540982.0,11438867,84.48
Countries,MEX,Mexico,2023,ROTA,Rotavirus Last Dose,ADMINISTRATIVE,Administrative reports from health facilities,14419993.0,13058056,90.56
Countries,MEX,Mexico,2023,IPV1,Inactivated Polio 1st Dose,ADMINISTRATIVE,Administrative reports from health facilities,14333814.0,12872236,89.8
Countries,MEX,Mexico,2023,HPV,Human Papillomavirus Last Dose,ADMINISTRATIVE,Administrative reports from health facilities,14137243.0,12269359,86.79
Countries,MEX,Mexico,2024,MCV1,Measles 1st Dose,OFFICIAL,Official WHO/UNICEF estimate,14512478.0,14367353,99.0
Countries,MEX,Mexico,2024,MCV2,Measles 2nd Dose,OFFICIAL,Official WHO/UNICEF estimate,14524466.0,12001586,82.63
Countries,MEX,Mexico,2024,DTP1,Diphtheria-Tetanus-Pertussis 1st Dose,OFFICIAL,Official WHO/UNICEF estimate,14712247.0,13549666,92.1
Countries,MEX,Mexico,2024,DTP3,Diphtheria-Tetanus-Pertussis 3rd Dose,OFFICIAL,Official WHO/UNICEF estimate,14251762.0,11786279,82.7
Countries,MEX,Mexico,2024,BCG,Bacillus Calmette-Guérin (Tuberculosis),OFFICIAL,Official WHO/UNICEF estimate,14214349.0,13022521,91.62
Countries,MEX,Mexico,2024,HEPB3,Hepatitis B 3rd Dose,OFFICIAL,Official WHO/UNICEF estimate,14054608.0,12290816,87.45
Countries,MEX,Mexico,2024,POL3,Polio 3rd Dose,OFFICIAL,Official WHO/UNICEF estimate,14161174.0,12675586,89.51
Countries,MEX,Mexico,2024,ROTA,Rotavirus Last Dose,OFFICIAL,Official WHO/UNICEF estimate,14342716.0,12883904,89.83
Countries,MEX,Mexico,2024,IPV1,Inactivated Polio 1st Dose,OFFICIAL,Official WHO/UNICEF estimate,14371359.0,13112987,91.24
Countries,MEX,Mexico,2024,HPV,Human Papillomavirus Last Dose,OFFICIAL,Official WHO/UNICEF estimate,14077532.0,12137300,86.22
Countries,PAK,Pakistan,2010,MCV1,Measles 1st Dose,OFFICIAL,Official WHO/UNICEF estimate,18937083.0,13628250,71.97
Countries,PAK,Pakistan,2010,MCV2,Measles 2nd Dose,OFFICIAL,Official WHO/UNICEF estimate,18410795.0,10862818,59.0
Countries,PAK,Pakistan,2010,DTP1,Diphtheria-Tetanus-Pertussis 1st Dose,OFFICIAL,Official WHO/UNICEF estimate,17935473.0,12402603,69.15
Countries,PAK,Pakistan,2010,DTP3,Diphtheria-Tetanus-Pertussis 3rd Dose,OFFICIAL,Official WHO/UNICEF estimate,18151287.0,10722667,59.07
Countries,PAK,Pakistan,2010,BCG,Bacillus Calmette-Guérin (Tuberculosis),OFFICIAL,Official WHO/UNICEF estimate,17930534.0,13190905,73.57
Countries,PAK,Pakistan,2010,HEPB3,Hepatitis B 3rd Dose,OFFICIAL,Official WHO/UNICEF estimate,18487362.0,11738130,63.49
Countries,PAK,Pakistan,2010,POL3,Polio 3rd Dose,OFFICIAL,Official WHO/UNICEF estimate,16975845.0,10739900,63.27
Countries,PAK,Pakistan,2010,ROTA,Rotavirus Last Dose,OFFICIAL,Official WHO/UNICEF estimate,18304424.0,12355643,67.5
Countries,PAK,Pakistan,2010,IPV1,Inactivated Polio 1st Dose,OFFICIAL,Official WHO/UNICEF estimate,18817697.0,11904645,63.26
Countries,PAK,Pakistan,2010,HPV,Human Papillomavirus Last Dose,OFFICIAL,Official WHO/UNICEF estimate,18201072.0,9686667,53.22
Countries,PAK,Pakistan,2011,MCV1,Measles 1st Dose,ADMINISTRATIVE,Administrative reports from health facilities,17758763.0,12667006,71.33
Countries,PAK,Pakistan,2011,MCV2,Measles 2nd Dose,ADMINISTRATIVE,Administrative reports from health facilities,18794526.0,10674450,56.8
Countries,PAK,Pakistan,2011,DTP1,Diphtheria-Tetanus-Pertussis 1st Dose,ADMINISTRATIVE,Administrative reports from health facilities,18260251.0,12950932,70.92
Countries,PAK,Pakistan,2011,DTP3,Diphtheria-Tetanus-Pertussis 3rd Dose,ADMINISTRATIVE,Administrative reports from health facilities,17908435.0,11160928,62.32
Countries,PAK,Pakistan,2011,BCG,Bacillus Calmette-Guérin (Tuberculosis),ADMINISTRATIVE,Administrative reports from health facilities,17696426.0,13330275,75.33
Countries,PAK,Pakistan,2011,HEPB3,Hepatitis B 3rd Dose,ADMINISTRATIVE,Administrative reports from health facilities,17891340.0,12404932,69.33
Countries,PAK,Pakistan,2011,POL3,Polio 3rd Dose,ADMINISTRATIVE,Administrative reports from health facilities,17920455.0,11273704,62.91
Countries,PAK,Pakistan,2011,ROTA,Rotavirus Last Dose,ADMINISTRATIVE,Administrative reports from health facilities,18382427.0,12540167,68.2%
Countries,PAK,Pakistan,2011,IPV1,Inactivated Polio 1st Dose,ADMINISTRATIVE,Administrative reports from health facilities,18432051.0,12625047,68.5%
Countries,PAK,Pakistan,2011,HPV,Human Papillomavirus Last Dose,ADMINISTRATIVE,Administrative reports from health facilities,,10465487,56.3
Countries,PAK,Pakistan,2012,MCV1,Measles 1st Dose,OFFICIAL,Official WHO/UNICEF estimate,18602756.0,13655389,73.41
Countries,PAK,Pakistan,2012,MCV2,Measles 2nd Dose,OFFICIAL,Official WHO/UNICEF estimate,18546819.0,10557039,56.92
Countries,PAK,Pakistan,2012,DTP1,Diphtheria-Tetanus-Pertussis 1st Dose,OFFICIAL,Official WHO/UNICEF estimate,18418701.0,13184501,71.58
Countries,PAK,Pakistan,2012,DTP3,Diphtheria-Tetanus-Pertussis 3rd Dose,OFFICIAL,Official WHO/UNICEF estimate,19420804.0,11456448,58.99
Countries,PAK,Pakistan,2012,BCG,Bacillus Calmette-Guérin (Tuberculosis),OFFICIAL,Official WHO/UNICEF estimate,19179772.0,13442590,70.09
Countries,PAK,Pakistan,2012,HEPB3,Hepatitis B 3rd Dose,OFFICIAL,Official WHO/UNICEF estimate,18472401.0,12725344,68.89
Countries,PAK,Pakistan,2012,POL3,Polio 3rd Dose,OFFICIAL,Official WHO/UNICEF estimate,18016608.0,11288954,62.66
Countries,PAK,Pakistan,2012,ROTA,Rotavirus Last Dose,OFFICIAL,Official WHO/UNICEF estimate,18535547.0,12020538,64.85
Countries,PAK,Pakistan,2012,IPV1,Inactivated Polio 1st Dose,OFFICIAL,Official WHO/UNICEF estimate,18899568.0,13323525,70.5
Countries,PAK,Pakistan,2012,HPV,Human Papillomavirus Last Dose,OFFICIAL,Official WHO/UNICEF estimate,18376270.0,10586103,57.61
Countries,PAK,Pakistan,2013,MCV1,Measles 1st Dose,ADMINISTRATIVE,Administrative reports from health facilities,18738491.0,13570839,72.42
Countries,PAK,Pakistan,2013,MCV2,Measles 2nd Dose,ADMINISTRATIVE,Administrative reports from health facilities,18790325.0,10667381,56.77
Countries,PAK,Pakistan,2013,DTP1,Diphtheria-Tetanus-Pertussis 1st Dose,ADMINISTRATIVE,Administrative reports from health facilities,18767791.0,13809954,73.58
Countries,PAK,Pakistan,2013,DTP3,Diphtheria-Tetanus-Pertussis 3rd Dose,ADMINISTRATIVE,Administrative reports from health facilities,19227513.0,12403010,64.51
Countries,PAK,Pakistan,2013,BCG,Bacillus Calmette-Guérin (Tuberculosis),ADMINISTRATIVE,Administrative reports from health facilities,18858226.0,14130918,74.93
Countries,PAK,Pakistan,2013,HEPB3,Hepatitis B 3rd Dose,ADMINISTRATIVE,Administrative reports from health facilities,17747844.0,13355913,75.25
Countries,PAK,Pakistan,2013,POL3,Polio 3rd Dose,ADMINISTRATIVE,Administrative reports from health facilities,19673354.0,13934817,70.8%
Countries,PAK,Pakistan,2013,ROTA,Rotavirus Last Dose,ADMINISTRATIVE,Administrative reports from health facilities,18855505.0,12489453,66.24
Countries,PAK,Pakistan,2013,IPV1,Inactivated Polio 1st Dose,ADMINISTRATIVE,Administrative reports from health facilities,18831831.0,12655734,67.2
Countries,PAK,Pakistan,2013,HPV,Human Papillomavirus Last Dose,ADMINISTRATIVE,Administrative reports from health facilities,19322778.0,12185310,63.06
Countries,PAK,Pakistan,2014,MCV1,Measles 1st Dose,OFFICIAL,Official WHO/UNICEF estimate,19236051.0,14109494,73.35
Countries,PAK,Pakistan,2014,MCV2,Measles 2nd Dose,OFFICIAL,Official WHO/UNICEF estimate,18811275.0,11985212,63.71
Countries,PAK,Pakistan,2014,DTP1,Diphtheria-Tetanus-Pertussis 1st Dose,OFFICIAL,Official WHO/UNICEF estimate,19087680.0,14398775,75.43
Countries,PAK,Pakistan,2014,DTP3,Diphtheria-Tetanus-Pertussis 3rd Dose,OFFICIAL,Official WHO/UNICEF estimate,,10421876,54.5
Countries,PAK,Pakistan,2014,BCG,Bacillus Calmette-Guérin (Tuberculosis),OFFICIAL,Official WHO/UNICEF estimate,19201735.0,12964685,67.52
Countries,PAK,Pakistan,2014,HEPB3,Hepatitis B 3rd Dose,OFFICIAL,Official WHO/UNICEF estimate,19306392.0,13388889,69.35
Countries,PAK,Pakistan,2014,POL3,Polio 3rd Dose,OFFICIAL,Official WHO/UNICEF estimate,19321317.0,11293518,58.5%
Countries,PAK,Pakistan,2014,ROTA,Rotavirus Last Dose,OFFICIAL,Official WHO/UNICEF estimate,19550959.0,14007117,71.64
Countries,PAK,Pakistan,2014,IPV1,Inactivated Polio 1st Dose,OFFICIAL,Official WHO/UNICEF estimate,19164031.0,12028018,62.76
Countries,PAK,Pakistan,2014,HPV,Human Papillomavirus Last Dose,OFFICIAL,Official WHO/UNICEF estimate,19144323.0,10232566,53.45
Countries,PAK,Pakistan,2015,MCV1,Measles 1st Dose,ADMINISTRATIVE,Administrative reports from health facilities,18822837.0,14892198,79.12
Countries,PAK,Pakistan,2015,MCV2,Measles 2nd Dose,ADMINISTRATIVE,Administrative reports from health facilities,19113990.0,11485607,60.09
Countries,PAK,Pakistan,2015,DTP1,Diphtheria-Tetanus-Pertussis 1st Dose,ADMINISTRATIVE,Administrative reports from health facilities,19298311.0,13452610,69.71
Countries,PAK,Pakistan,2015,DTP3,Diphtheria-Tetanus-Pertussis 3rd Dose,ADMINISTRATIVE,Administrative reports from health facilities,19025264.0,10357059,54.44
Countries,PAK,Pakistan,2015,BCG,Bacillus Calmette-Guérin (Tuberculosis),ADMINISTRATIVE,Administrative reports from health facilities,19176242.0,15569704,81.19
Countries,PAK,Pakistan,2015,HEPB3,Hepatitis B 3rd Dose,ADMINISTRATIVE,Administrative reports from health facilities,18729937.0,12083938,64.52
Countries,PAK,Pakistan,2015,POL3,Polio 3rd Dose,ADMINISTRATIVE,Administrative reports from health facilities,19329128.0,12212645,63.18
Countries,PAK,Pakistan,2015,ROTA,Rotavirus Last Dose,ADMINISTRATIVE,Administrative reports from health facilities,19423546.0,12547014,64.6
Countries,PAK,Pakistan,2015,IPV1,Inactivated Polio 1st Dose,ADMINISTRATIVE,Administrative reports from health facilities,18400769.0,12809393,69.61
Countries,PAK,Pakistan,2015,HPV,Human Papillomavirus Last Dose,ADMINISTRATIVE,Administrative reports from health facilities,18769895.0,10221210,54.46
Countries,PAK,Pakistan,2016,MCV1,Measles 1st Dose,OFFICIAL,Official WHO/UNICEF estimate,19739483.0,14844279,75.2
Countries,PAK,Pakistan,2016,MCV2,Measles 2nd Dose,OFFICIAL,Official WHO/UNICEF estimate,19538869.0,12399199,63.46
Countries,PAK,Pakistan,2016,DTP1,Diphtheria-Tetanus-Pertussis 1st Dose,OFFICIAL,Official WHO/UNICEF estimate,18684307.0,13967741,74.8%
Countries,PAK,Pakistan,2016,DTP3,Diphtheria-Tetanus-Pertussis 3rd Dose,OFFICIAL,Official WHO/UNICEF estimate,19318808.0,12331244,63.83
Countries,PAK,Pakistan,2016,BCG,Bacillus Calmette-Guérin (Tuberculosis),OFFICIAL,Official WHO/UNICEF estimate,19306580.0,14254488,73.83
Countries,PAK,Pakistan,2016,HEPB3,Hepatitis B 3rd Dose,OFFICIAL,Official WHO/UNICEF estimate,19032989.0,12808560,67.3
Countries,PAK,Pakistan,2016,POL3,Polio 3rd Dose,OFFICIAL,Official WHO/UNICEF estimate,19477454.0,13875439,71.24
Countries,PAK,Pakistan,2016,ROTA,Rotavirus Last Dose,OFFICIAL,Official WHO/UNICEF estimate,19198643.0,12290642,64.02
Countries,PAK,Pakistan,2016,IPV1,Inactivated Polio 1st Dose,OFFICIAL,Official WHO/UNICEF estimate,19842918.0,13524358,68.16
Countries,PAK,Pakistan,2016,HPV,Human Papillomavirus Last Dose,OFFICIAL,Official WHO/UNICEF estimate,19540861.0,12642553,64.7
Countries,PAK,Pakistan,2017,MCV1,Measles 1st Dose,ADMINISTRATIVE,Administrative reports from health facilities,19066718.0,14202048,74.49
Countries,PAK,Pakistan,2017,MCV2,Measles 2nd Dose,ADMINISTRATIVE,Administrative reports from health facilities,19890210.0,11909986,59.88
Countries,PAK,Pakistan,2017,DTP1,Diphtheria-Tetanus-Pertussis 1st Dose,ADMINISTRATIVE,Administrative reports from health facilities,20191215.0,14626541,72.44
Countries,PAK,Pakistan,2017,DTP3,Diphtheria-Tetanus-Pertussis 3rd Dose,ADMINISTRATIVE,Administrative reports from health facilities,20157763.0,12706273,63.03
Countries,PAK,Pakistan,2017,BCG,Bacillus Calmette-Guérin (Tuberculosis),ADMINISTRATIVE,Administrative reports from health facilities,18779276.0,15164756,80.75
Countries,PAK,Pakistan,2017,HEPB3,Hepatitis B 3rd Dose,ADMINISTRATIVE,Administrative reports from health facilities,19618398.0,13370416,68.15
Countries,PAK,Pakistan,2017,POL3,Polio 3rd Dose,ADMINISTRATIVE,Administrative reports from health facilities,19699196.0,13516450,68.61
Countries,PAK,Pakistan,2017,ROTA,Rotavirus Last Dose,ADMINISTRATIVE,Administrative reports from health facilities,20100564.0,15955070,79.38
Countries,PAK,Pakistan,2017,IPV1,Inactivated Polio 1st Dose,ADMINISTRATIVE,Administrative reports from health facilities,19258444.0,15232008,79.09
Countries,PAK,Pakistan,2017,HPV,Human Papillomavirus Last Dose,ADMINISTRATIVE,Administrative reports from health facilities,19312394.0,13500736,69.91
Countries,PAK,Pakistan,2018,MCV1,Measles 1st Dose,OFFICIAL,Official WHO/UNICEF estimate,19829448.0,15285386,77.08
Countries,PAK,Pakistan,2018,MCV2,Measles 2nd Dose,OFFICIAL,Official WHO/UNICEF estimate,20258426.0,12944194,63.9
Countries,PAK,Pakistan,2018,DTP1,Diphtheria-Tetanus-Pertussis 1st Dose,OFFICIAL,Official WHO/UNICEF estimate,19883208.0,16767561,84.33
Countries,PAK,Pakistan,2018,DTP3,Diphtheria-Tetanus-Pertussis 3rd Dose,OFFICIAL,Official WHO/UNICEF estimate,20268108.0,11872750,58.58
Countries,PAK,Pakistan,2018,BCG,Bacillus Calmette-Guérin (Tuberculosis),OFFICIAL,Official WHO/UNICEF estimate,19680497.0,16431016,83.49
Countries,PAK,Pakistan,2018,HEPB3,Hepatitis B 3rd Dose,OFFICIAL,Official WHO/UNICEF estimate,19045385.0,12516019,65.72
Countries,PAK,Pakistan,2018,POL3,Polio 3rd Dose,OFFICIAL,Official WHO/UNICEF estimate,19646286.0,13256731,67.48
Countries,PAK,Pakistan,2018,ROTA,Rotavirus Last Dose,OFFICIAL,Official WHO/UNICEF estimate,20041988.0,15459901,77.14
Countries,PAK,Pakistan,2018,IPV1,Inactivated Polio 1st Dose,OFFICIAL,Official WHO/UNICEF estimate,19884774.0,15076016,75.82
Countries,PAK,Pakistan,2018,HPV,Human Papillomavirus Last Dose,OFFICIAL,Official WHO/UNICEF estimate,19754353.0,12744383,64.51
Countries,PAK,Pakistan,2019,MCV1,Measles 1st Dose,ADMINISTRATIVE,Administrative reports from health facilities,19491955.0,14562600,74.71
Countries,PAK,Pakistan,2019,MCV2,Measles 2nd Dose,ADMINISTRATIVE,Administrative reports from health facilities,19703069.0,12519653,63.54
Countries,PAK,Pakistan,2019,DTP1,Diphtheria-Tetanus-Pertussis 1st Dose,ADMINISTRATIVE,Administrative reports from health facilities,20332686.0,16107875,79.2%
Countries,PAK,Pakistan,2019,DTP3,Diphtheria-Tetanus-Pertussis 3rd Dose,ADMINISTRATIVE,Administrative reports from health facilities,19750233.0,12033401,60.93
Countries,PAK,Pakistan,2019,BCG,Bacillus Calmette-Guérin (Tuberculosis),ADMINISTRATIVE,Administrative reports from health facilities,20171947.0,16457869,81.6%
Countries,PAK,Pakistan,2019,HEPB3,Hepatitis B 3rd Dose,ADMINISTRATIVE,Administrative reports from health facilities,19977395.0,14729046,73.73
Countries,PAK,Pakistan,2019,POL3,Polio 3rd Dose,ADMINISTRATIVE,Administrative reports from health facilities,19909856.0,14433241,72.49
Countries,PAK,Pakistan,2019,ROTA,Rotavirus Last Dose,ADMINISTRATIVE,Administrative reports from health facilities,19391179.0,15429185,79.57
Countries,PAK,Pakistan,2019,IPV1,Inactivated Polio 1st Dose,ADMINISTRATIVE,Administrative reports from health facilities,19535725.0,14106260,72.21
Countries,PAK,Pakistan,2019,HPV,Human Papillomavirus Last Dose,ADMINISTRATIVE,Administrative reports from health facilities,19892989.0,13351722,67.12
Countries,PAK,Pakistan,2020,MCV1,Measles 1st Dose,OFFICIAL,Official WHO/UNICEF estimate,19989123.0,14264811,71.36
Countries,PAK,Pakistan,2020,MCV2,Measles 2nd Dose,OFFICIAL,Official WHO/UNICEF estimate,20896184.0,12862701,61.56
Countries,PAK,Pakistan,2020,DTP1,Diphtheria-Tetanus-Pertussis 1st Dose,OFFICIAL,Official WHO/UNICEF estimate,20270803.0,14581939,71.94
Countries,PAK,Pakistan,2020,DTP3,Diphtheria-Tetanus-Pertussis 3rd Dose,OFFICIAL,Official WHO/UNICEF estimate,20637099.0,11946921,57.89
Countries,PAK,Pakistan,2020,BCG,Bacillus Calmette-Guérin (Tuberculosis),OFFICIAL,Official WHO/UNICEF estimate,,15596884,78.4
Countries,PAK,Pakistan,2020,HEPB3,Hepatitis B 3rd Dose,OFFICIAL,Official WHO/UNICEF estimate,19668594.0,13073442,66.47
Countries,PAK,Pakistan,2020,POL3,Polio 3rd Dose,OFFICIAL,Official WHO/UNICEF estimate,20403611.0,14346646,70.31
Countries,PAK,Pakistan,2020,ROTA,Rotavirus Last Dose,OFFICIAL,Official WHO/UNICEF estimate,20327326.0,13501686,66.42
Countries,PAK,Pakistan,2020,IPV1,Inactivated Polio 1st Dose,OFFICIAL,Official WHO/UNICEF estimate,19989514.0,13184009,65.95
Countries,PAK,Pakistan,2020,HPV,Human Papillomavirus Last Dose,OFFICIAL,Official WHO/UNICEF estimate,19742669.0,12260224,62.1
Countries,PAK,Pakistan,2021,MCV1,Measles 1st Dose,ADMINISTRATIVE,Administrative reports from health facilities,19978191.0,14990484,75.03
Countries,PAK,Pakistan,2021,MCV2,Measles 2nd Dose,ADMINISTRATIVE,Administrative reports from health facilities,20221918.0,13392471,66.23
Countries,PAK,Pakistan,2021,DTP1,Diphtheria-Tetanus-Pertussis 1st Dose,ADMINISTRATIVE,Administrative reports from health facilities,20161201.0,14748608,73.15
Countries,PAK,Pakistan,2021,DTP3,Diphtheria-Tetanus-Pertussis 3rd Dose,ADMINISTRATIVE,Administrative reports from health facilities,19788879.0,11036790,55.77
Countries,PAK,Pakistan,2021,BCG,Bacillus Calmette-Guérin (Tuberculosis),ADMINISTRATIVE,Administrative reports from health facilities,19906340.0,15612544,78.43
Countries,PAK,Pakistan,2021,HEPB3,Hepatitis B 3rd Dose,ADMINISTRATIVE,Administrative reports from health facilities,20208564.0,13301832,65.82
Countries,PAK,Pakistan,2021,POL3,Polio 3rd Dose,ADMINISTRATIVE,Administrative reports from health facilities,20259102.0,13696571,67.61
Countries,PAK,Pakistan,2021,ROTA,Rotavirus Last Dose,ADMINISTRATIVE,Administrative reports from health facilities,20730342.0,14461065,69.76
Countries,PAK,Pakistan,2021,IPV1,Inactivated Polio 1st Dose,ADMINISTRATIVE,Administrative reports from health facilities,19639524.0,13262724,67.53
Countries,PAK,Pakistan,2021,HPV,Human Papillomavirus Last Dose,ADMINISTRATIVE,Administrative reports from health facilities,20227954.0,12433483,61.47
Countries,PAK,Pakistan,2022,MCV1,Measles 1st Dose,OFFICIAL,Official WHO/UNICEF estimate,20208401.0,16096008,79.65
Countries,PAK,Pakistan,2022,MCV2,Measles 2nd Dose,OFFICIAL,Official WHO/UNICEF estimate,20389908.0,14774280,72.46
Countries,PAK,Pakistan,2022,DTP1,Diphtheria-Tetanus-Pertussis 1st Dose,OFFICIAL,Official WHO/UNICEF estimate,20564309.0,16039542,78.0
Countries,PAK,Pakistan,2022,DTP3,Diphtheria-Tetanus-Pertussis 3rd Dose,OFFICIAL,Official WHO/UNICEF estimate,20029882.0,14268424,71.24
Countries,PAK,Pakistan,2022,BCG,Bacillus Calmette-Guérin (Tuberculosis),OFFICIAL,Official WHO/UNICEF estimate,19915012.0,17062247,85.68
Countries,PAK,Pakistan,2022,HEPB3,Hepatitis B 3rd Dose,OFFICIAL,Official WHO/UNICEF estimate,20702889.0,15640293,75.55
Countries,PAK,Pakistan,2022,POL3,Polio 3rd Dose,OFFICIAL,Official WHO/UNICEF estimate,19973248.0,14468666,72.44
Countries,PAK,Pakistan,2022,ROTA,Rotavirus Last Dose,OFFICIAL,Official WHO/UNICEF estimate,20931305.0,15367966,73.42
Countries,PAK,Pakistan,2022,IPV1,Inactivated Polio 1st Dose,OFFICIAL,Official WHO/UNICEF estimate,19931992.0,15261495,76.57
Countries,PAK,Pakistan,2022,HPV,Human Papillomavirus Last Dose,OFFICIAL,Official WHO/UNICEF estimate,20215486.0,14865525,73.54
Countries,PAK,Pakistan,2023,MCV1,Measles 1st Dose,ADMINISTRATIVE,Administrative reports from health facilities,20887092.0,17275827,82.71
Countries,PAK,Pakistan,2023,MCV2,Measles 2nd Dose,ADMINISTRATIVE,Administrative reports from health facilities,20434662.0,14377926,70.36
Countries,PAK,Pakistan,2023,DTP1,Diphtheria-Tetanus-Pertussis 1st Dose,ADMINISTRATIVE,Administrative reports from health facilities,20725309.0,17256064,83.26
Countries,PAK,Pakistan,2023,DTP3,Diphtheria-Tetanus-Pertussis 3rd Dose,ADMINISTRATIVE,Administrative reports from health facilities,21275109.0,14496960,68.14
Countries,PAK,Pakistan,2023,BCG,Bacillus Calmette-Guérin (Tuberculosis),ADMINISTRATIVE,Administrative reports from health facilities,20238470.0,16035197,79.23
Countries,PAK,Pakistan,2023,HEPB3,Hepatitis B 3rd Dose,ADMINISTRATIVE,Administrative reports from health facilities,20775753.0,16077585,77.39
Countries,PAK,Pakistan,2023,POL3,Polio 3rd Dose,ADMINISTRATIVE,Administrative reports from health facilities,20173971.0,15787499,78.26
Countries,PAK,Pakistan,2023,ROTA,Rotavirus Last Dose,ADMINISTRATIVE,Administrative reports from health facilities,19935066.0,15499732,77.75
Countries,PAK,Pakistan,2023,IPV1,Inactivated Polio 1st Dose,ADMINISTRATIVE,Administrative reports from health facilities,19938547.0,14841117,74.43
Countries,PAK,Pakistan,2023,HPV,Human Papillomavirus Last Dose,ADMINISTRATIVE,Administrative reports from health facilities,,13639953,64.7%
Countries,PAK,Pakistan,2024,MCV1,Measles 1st Dose,OFFICIAL,Official WHO/UNICEF estimate,19638114.0,15526220,79.1%
Countries,PAK,Pakistan,2024,MCV2,Measles 2nd Dose,OFFICIAL,Official WHO/UNICEF estimate,20098273.0,14068333,70.0
Countries,PAK,Pakistan,2024,DTP1,Diphtheria-Tetanus-Pertussis 1st Dose,OFFICIAL,Official WHO/UNICEF estimate,20561444.0,15876729,77.22
Countries,PAK,Pakistan,2024,DTP3,Diphtheria-Tetanus-Pertussis 3rd Dose,OFFICIAL,Official WHO/UNICEF estimate,20752071.0,13260447,63.9
Countries,PAK,Pakistan,2024,BCG,Bacillus Calmette-Guérin (Tuberculosis),OFFICIAL,Official WHO/UNICEF estimate,20381321.0,16695157,81.91
Countries,PAK,Pakistan,2024,HEPB3,Hepatitis B 3rd Dose,OFFICIAL,Official WHO/UNICEF estimate,20116945.0,15470721,76.9
Countries,PAK,Pakistan,2024,POL3,Polio 3rd Dose,OFFICIAL,Official WHO/UNICEF estimate,21216350.0,17806841,83.93
Countries,PAK,Pakistan,2024,ROTA,Rotavirus Last Dose,OFFICIAL,Official WHO/UNICEF estimate,21084024.0,15527621,73.65
Countries,PAK,Pakistan,2024,IPV1,Inactivated Polio 1st Dose,OFFICIAL,Official WHO/UNICEF estimate,20889563.0,16210902,77.6
Countries,PAK,Pakistan,2024,HPV,Human Papillomavirus Last Dose,OFFICIAL,Official WHO/UNICEF estimate,20356587.0,13154940,64.62
Countries,BGD,Bangladesh,2010,MCV1,Measles 1st Dose,OFFICIAL,Official WHO/UNICEF estimate,14149930.0,9924411,70.14
Countries,BGD,Bangladesh,2010,MCV2,Measles 2nd Dose,OFFICIAL,Official WHO/UNICEF estimate,,7955407,55.76
Countries,BGD,Bangladesh,2010,DTP1,Diphtheria-Tetanus-Pertussis 1st Dose,OFFICIAL,Official WHO/UNICEF estimate,14796163.0,11157569,75.41
Countries,BGD,Bangladesh,2010,DTP3,Diphtheria-Tetanus-Pertussis 3rd Dose,OFFICIAL,Official WHO/UNICEF estimate,14275277.0,8272941,57.95
Countries,BGD,Bangladesh,2010,BCG,Bacillus Calmette-Guérin (Tuberculosis),OFFICIAL,Official WHO/UNICEF estimate,14158383.0,9752258,68.88
Countries,BGD,Bangladesh,2010,HEPB3,Hepatitis B 3rd Dose,OFFICIAL,Official WHO/UNICEF estimate,14051672.0,9242544,65.78
Countries,BGD,Bangladesh,2010,POL3,Polio 3rd Dose,OFFICIAL,Official WHO/UNICEF estimate,14133786.0,8363939,59.18
Countries,BGD,Bangladesh,2010,ROTA,Rotavirus Last Dose,OFFICIAL,Official WHO/UNICEF estimate,14070354.0,9536605,67.78
Countries,BGD,Bangladesh,2010,IPV1,Inactivated Polio 1st Dose,OFFICIAL,Official WHO/UNICEF estimate,13740672.0,9341853,67.99
Countries,BGD,Bangladesh,2010,HPV,Human Papillomavirus Last Dose,OFFICIAL,Official WHO/UNICEF estimate,14023190.0,7893173,56.29
Countries,BGD,Bangladesh,2011,MCV1,Measles 1st Dose,ADMINISTRATIVE,Administrative reports from health facilities,,10147646,70.28
Countries,BGD,Bangladesh,2011,MCV2,Measles 2nd Dose,ADMINISTRATIVE,Administrative reports from health facilities,13555135.0,7899820,58.28
Countries,BGD,Bangladesh,2011,DTP1,Diphtheria-Tetanus-Pertussis 1st Dose,ADMINISTRATIVE,Administrative reports from health facilities,14509635.0,9995090,68.89
Countries,BGD,Bangladesh,2011,DTP3,Diphtheria-Tetanus-Pertussis 3rd Dose,ADMINISTRATIVE,Administrative reports from health facilities,14471070.0,7673535,53.03
Countries,BGD,Bangladesh,2011,BCG,Bacillus Calmette-Guérin (Tuberculosis),ADMINISTRATIVE,Administrative reports from health facilities,14423664.0,9953945,69.01
Countries,BGD,Bangladesh,2011,HEPB3,Hepatitis B 3rd Dose,ADMINISTRATIVE,Administrative reports from health facilities,14377065.0,9776957,68.0
Countries,BGD,Bangladesh,2011,POL3,Polio 3rd Dose,ADMINISTRATIVE,Administrative reports from health facilities,14217243.0,9402076,66.13
Countries,BGD,Bangladesh,2011,ROTA,Rotavirus Last Dose,ADMINISTRATIVE,Administrative reports from health facilities,14133655.0,9086152,64.29
Countries,BGD,Bangladesh,2011,IPV1,Inactivated Polio 1st Dose,ADMINISTRATIVE,Administrative reports from health facilities,13996205.0,9555547,68.27
Countries,BGD,Bangladesh,2011,HPV,Human Papillomavirus Last Dose,ADMINISTRATIVE,Administrative reports from health facilities,13880401.0,7991761,57.58
Countries,BGD,Bangladesh,2012,MCV1,Measles 1st Dose,OFFICIAL,Official WHO/UNICEF estimate,14107180.0,9807851,69.52
Countries,BGD,Bangladesh,2012,MCV2,Measles 2nd Dose,OFFICIAL,Official WHO/UNICEF estimate,14198822.0,8090642,56.98
Countries,BGD,Bangladesh,2012,DTP1,Diphtheria-Tetanus-Pertussis 1st Dose,OFFICIAL,Official WHO/UNICEF estimate,14340588.0,10186859,71.04
Countries,BGD,Bangladesh,2012,DTP3,Diphtheria-Tetanus-Pertussis 3rd Dose,OFFICIAL,Official WHO/UNICEF estimate,14784640.0,9509677,64.32
Countries,BGD,Bangladesh,2012,BCG,Bacillus Calmette-Guérin (Tuberculosis),OFFICIAL,Official WHO/UNICEF estimate,14304670.0,10857921,75.9
Countries,BGD,Bangladesh,2012,HEPB3,Hepatitis B 3rd Dose,OFFICIAL,Official WHO/UNICEF estimate,13990239.0,8623599,61.64
Countries,BGD,Bangladesh,2012,POL3,Polio 3rd Dose,OFFICIAL,Official WHO/UNICEF estimate,14337874.0,9695218,67.62
Countries,BGD,Bangladesh,2012,ROTA,Rotavirus Last Dose,OFFICIAL,Official WHO/UNICEF estimate,14742835.0,9126755,61.91
Countries,BGD,Bangladesh,2012,IPV1,Inactivated Polio 1st Dose,OFFICIAL,Official WHO/UNICEF estimate,14642348.0,8973958,61.29
Countries,BGD,Bangladesh,2012,HPV,Human Papillomavirus Last Dose,OFFICIAL,Official WHO/UNICEF estimate,14434479.0,8443887,58.5
Countries,BGD,Bangladesh,2013,MCV1,Measles 1st Dose,ADMINISTRATIVE,Administrative reports from health facilities,14533634.0,11054467,76.06
Countries,BGD,Bangladesh,2013,MCV2,Measles 2nd Dose,ADMINISTRATIVE,Administrative reports from health facilities,15027696.0,8366487,55.67
Countries,BGD,Bangladesh,2013,DTP1,Diphtheria-Tetanus-Pertussis 1st Dose,ADMINISTRATIVE,Administrative reports from health facilities,14507627.0,10312747,71.09
Countries,BGD,Bangladesh,2013,DTP3,Diphtheria-Tetanus-Pertussis 3rd Dose,ADMINISTRATIVE,Administrative reports from health facilities,14319402.0,8375807,58.49
Countries,BGD,Bangladesh,2013,BCG,Bacillus Calmette-Guérin (Tuberculosis),ADMINISTRATIVE,Administrative reports from health facilities,14569407.0,11481193,78.8
Countries,BGD,Bangladesh,2013,HEPB3,Hepatitis B 3rd Dose,ADMINISTRATIVE,Administrative reports from health facilities,14388334.0,10069835,69.99
Countries,BGD,Bangladesh,2013,POL3,Polio 3rd Dose,ADMINISTRATIVE,Administrative reports from health facilities,14896428.0,10062859,67.55
Countries,BGD,Bangladesh,2013,ROTA,Rotavirus Last Dose,ADMINISTRATIVE,Administrative reports from health facilities,14599406.0,8696280,59.57
Countries,BGD,Bangladesh,2013,IPV1,Inactivated Polio 1st Dose,ADMINISTRATIVE,Administrative reports from health facilities,14513933.0,9468871,65.24
Countries,BGD,Bangladesh,2013,HPV,Human Papillomavirus Last Dose,ADMINISTRATIVE,Administrative reports from health facilities,14021179.0,7762245,55.36
Countries,BGD,Bangladesh,2014,MCV1,Measles 1st Dose,OFFICIAL,Official WHO/UNICEF estimate,15076203.0,10638795,70.57
Countries,BGD,Bangladesh,2014,MCV2,Measles 2nd Dose,OFFICIAL,Official WHO/UNICEF estimate,14622862.0,7961056,54.44
Countries,BGD,Bangladesh,2014,DTP1,Diphtheria-Tetanus-Pertussis 1st Dose,OFFICIAL,Official WHO/UNICEF estimate,14206892.0,11102753,78.15
Countries,BGD,Bangladesh,2014,DTP3,Diphtheria-Tetanus-Pertussis 3rd Dose,OFFICIAL,Official WHO/UNICEF estimate,15079721.0,8483234,56.26
Countries,BGD,Bangladesh,2014,BCG,Bacillus Calmette-Guérin (Tuberculosis),OFFICIAL,Official WHO/UNICEF estimate,14907705.0,11721376,78.63
Countries,BGD,Bangladesh,2014,HEPB3,Hepatitis B 3rd Dose,OFFICIAL,Official WHO/UNICEF estimate,14863215.0,9792436,65.88
Countries,BGD,Bangladesh,2014,POL3,Polio 3rd Dose,OFFICIAL,Official WHO/UNICEF estimate,14700536.0,10637679,72.36
Countries,BGD,Bangladesh,2014,ROTA,Rotavirus Last Dose,OFFICIAL,Official WHO/UNICEF estimate,15665061.0,11283217,72.03
Countries,BGD,Bangladesh,2014,IPV1,Inactivated Polio 1st Dose,OFFICIAL,Official WHO/UNICEF estimate,14849492.0,10375194,69.87
Countries,BGD,Bangladesh,2014,HPV,Human Papillomavirus Last Dose,OFFICIAL,Official WHO/UNICEF estimate,14351498.0,8306804,57.88
Countries,BGD,Bangladesh,2015,MCV1,Measles 1st Dose,ADMINISTRATIVE,Administrative reports from health facilities,14997795.0,10755025,71.71
Countries,BGD,Bangladesh,2015,MCV2,Measles 2nd Dose,ADMINISTRATIVE,Administrative reports from health facilities,15315164.0,8348963,54.51
Countries,BGD,Bangladesh,2015,DTP1,Diphtheria-Tetanus-Pertussis 1st Dose,ADMINISTRATIVE,Administrative reports from health facilities,15308821.0,12059974,78.78
Countries,BGD,Bangladesh,2015,DTP3,Diphtheria-Tetanus-Pertussis 3rd Dose,ADMINISTRATIVE,Administrative reports from health facilities,14601204.0,8928357,61.15
Countries,BGD,Bangladesh,2015,BCG,Bacillus Calmette-Guérin (Tuberculosis),ADMINISTRATIVE,Administrative reports from health facilities,14661614.0,11606803,79.16
Countries,BGD,Bangladesh,2015,HEPB3,Hepatitis B 3rd Dose,ADMINISTRATIVE,Administrative reports from health facilities,,8887772,60.72
Countries,BGD,Bangladesh,2015,POL3,Polio 3rd Dose,ADMINISTRATIVE,Administrative reports from health facilities,14836308.0,9947717,67.05
Countries,BGD,Bangladesh,2015,ROTA,Rotavirus Last Dose,ADMINISTRATIVE,Administrative reports from health facilities,15112069.0,10051020,66.51
Countries,BGD,Bangladesh,2015,IPV1,Inactivated Polio 1st Dose,ADMINISTRATIVE,Administrative reports from health facilities,14664648.0,9996491,68.17
Countries,BGD,Bangladesh,2015,HPV,Human Papillomavirus Last Dose,ADMINISTRATIVE,Administrative reports from health facilities,14949408.0,10199372,68.23
Countries,BGD,Bangladesh,2016,MCV1,Measles 1st Dose,OFFICIAL,Official WHO/UNICEF estimate,15388757.0,11664640,75.8
Countries,BGD,Bangladesh,2016,MCV2,Measles 2nd Dose,OFFICIAL,Official WHO/UNICEF estimate,15595859.0,9103153,58.37
Countries,BGD,Bangladesh,2016,DTP1,Diphtheria-Tetanus-Pertussis 1st Dose,OFFICIAL,Official WHO/UNICEF estimate,14884989.0,11385363,76.49
Countries,BGD,Bangladesh,2016,DTP3,Diphtheria-Tetanus-Pertussis 3rd Dose,OFFICIAL,Official WHO/UNICEF estimate,15098708.0,10134773,67.12
Countries,BGD,Bangladesh,2016,BCG,Bacillus Calmette-Guérin (Tuberculosis),OFFICIAL,Official WHO/UNICEF estimate,14512996.0,11334296,78.1
Countries,BGD,Bangladesh,2016,HEPB3,Hepatitis B 3rd Dose,OFFICIAL,Official WHO/UNICEF estimate,14980963.0,9561847,63.83
Countries,BGD,Bangladesh,2016,POL3,Polio 3rd Dose,OFFICIAL,Official WHO/UNICEF estimate,15407243.0,10619289,68.92
Countries,BGD,Bangladesh,2016,ROTA,Rotavirus Last Dose,OFFICIAL,Official WHO/UNICEF estimate,15529631.0,10085530,64.94
Countries,BGD,Bangladesh,2016,IPV1,Inactivated Polio 1st Dose,OFFICIAL,Official WHO/UNICEF estimate,14258922.0,10544233,73.95
Countries,BGD,Bangladesh,2016,HPV,Human Papillomavirus Last Dose,OFFICIAL,Official WHO/UNICEF estimate,14735263.0,9791593,66.45
Countries,BGD,Bangladesh,2017,MCV1,Measles 1st Dose,ADMINISTRATIVE,Administrative reports from health facilities,15496025.0,12103934,78.11
Countries,BGD,Bangladesh,2017,MCV2,Measles 2nd Dose,ADMINISTRATIVE,Administrative reports from health facilities,15223688.0,9671451,63.53
Countries,BGD,Bangladesh,2017,DTP1,Diphtheria-Tetanus-Pertussis 1st Dose,ADMINISTRATIVE,Administrative reports from health facilities,,11624446,77.29
Countries,BGD,Bangladesh,2017,DTP3,Diphtheria-Tetanus-Pertussis 3rd Dose,ADMINISTRATIVE,Administrative reports from health facilities,15572902.0,10229937,65.69
Countries,BGD,Bangladesh,2017,BCG,Bacillus Calmette-Guérin (Tuberculosis),ADMINISTRATIVE,Administrative reports from health facilities,15467265.0,11404721,73.73
Countries,BGD,Bangladesh,2017,HEPB3,Hepatitis B 3rd Dose,ADMINISTRATIVE,Administrative reports from health facilities,15044608.0,10194716,67.76
Countries,BGD,Bangladesh,2017,POL3,Polio 3rd Dose,ADMINISTRATIVE,Administrative reports from health facilities,15240494.0,9856855,64.7%
Countries,BGD,Bangladesh,2017,ROTA,Rotavirus Last Dose,ADMINISTRATIVE,Administrative reports from health facilities,15057825.0,10588250,70.32
Countries,BGD,Bangladesh,2017,IPV1,Inactivated Polio 1st Dose,ADMINISTRATIVE,Administrative reports from health facilities,,11687649,75.0%
Countries,BGD,Bangladesh,2017,HPV,Human Papillomavirus Last Dose,ADMINISTRATIVE,Administrative reports from health facilities,15171859.0,9544384,62.91
Countries,BGD,Bangladesh,2018,MCV1,Measles 1st Dose,OFFICIAL,Official WHO/UNICEF estimate,15324664.0,12852398,83.87
Countries,BGD,Bangladesh,2018,MCV2,Measles 2nd Dose,OFFICIAL,Official WHO/UNICEF estimate,15241062.0,9215048,60.46
Countries,BGD,Bangladesh,2018,DTP1,Diphtheria-Tetanus-Pertussis 1st Dose,OFFICIAL,Official WHO/UNICEF estimate,15488618.0,11969918,77.28
Countries,BGD,Bangladesh,2018,DTP3,Diphtheria-Tetanus-Pertussis 3rd Dose,OFFICIAL,Official WHO/UNICEF estimate,,9013126,59.65
Countries,BGD,Bangladesh,2018,BCG,Bacillus Calmette-Guérin (Tuberculosis),OFFICIAL,Official WHO/UNICEF estimate,15005206.0,12046622,80.3%
Countries,BGD,Bangladesh,2018,HEPB3,Hepatitis B 3rd Dose,OFFICIAL,Official WHO/UNICEF estimate,15248693.0,11249571,73.77
Countries,BGD,Bangladesh,2018,POL3,Polio 3rd Dose,OFFICIAL,Official WHO/UNICEF estimate,15358019.0,10005839,65.15
Countries,BGD,Bangladesh,2018,ROTA,Rotavirus Last Dose,OFFICIAL,Official WHO/UNICEF estimate,15674257.0,11149577,71.13
Countries,BGD,Bangladesh,2018,IPV1,Inactivated Polio 1st Dose,OFFICIAL,Official WHO/UNICEF estimate,15633147.0,11267243,72.07
Countries,BGD,Bangladesh,2018,HPV,Human Papillomavirus Last Dose,OFFICIAL,Official WHO/UNICEF estimate,15791834.0,10414971,65.95
Countries,BGD,Bangladesh,2019,MCV1,Measles 1st Dose,ADMINISTRATIVE,Administrative reports from health facilities,15354917.0,12231809,79.66
Countries,BGD,Bangladesh,2019,MCV2,Measles 2nd Dose,ADMINISTRATIVE,Administrative reports from health facilities,15398935.0,10540221,68.45
Countries,BGD,Bangladesh,2019,DTP1,Diphtheria-Tetanus-Pertussis 1st Dose,ADMINISTRATIVE,Administrative reports from health facilities,15553270.0,13095657,84.2
Countries,BGD,Bangladesh,2019,DTP3,Diphtheria-Tetanus-Pertussis 3rd Dose,ADMINISTRATIVE,Administrative reports from health facilities,15808436.0,10121574,64.03
Countries,BGD,Bangladesh,2019,BCG,Bacillus Calmette-Guérin (Tuberculosis),ADMINISTRATIVE,Administrative reports from health facilities,15139678.0,10949012,72.32
Countries,BGD,Bangladesh,2019,HEPB3,Hepatitis B 3rd Dose,ADMINISTRATIVE,Administrative reports from health facilities,15836061.0,10673908,67.4%
Countries,BGD,Bangladesh,2019,POL3,Polio 3rd Dose,ADMINISTRATIVE,Administrative reports from health facilities,15678573.0,10933775,69.74
Countries,BGD,Bangladesh,2019,ROTA,Rotavirus Last Dose,ADMINISTRATIVE,Administrative reports from health facilities,15285854.0,10748698,70.32
Countries,BGD,Bangladesh,2019,IPV1,Inactivated Polio 1st Dose,ADMINISTRATIVE,Administrative reports from health facilities,15741418.0,11764923,74.74
Countries,BGD,Bangladesh,2019,HPV,Human Papillomavirus Last Dose,ADMINISTRATIVE,Administrative reports from health facilities,15515697.0,10235198,65.97
Countries,BGD,Bangladesh,2020,MCV1,Measles 1st Dose,OFFICIAL,Official WHO/UNICEF estimate,15402856.0,10407767,67.57
Countries,BGD,Bangladesh,2020,MCV2,Measles 2nd Dose,OFFICIAL,Official WHO/UNICEF estimate,15467526.0,8705687,56.28
Countries,BGD,Bangladesh,2020,DTP1,Diphtheria-Tetanus-Pertussis 1st Dose,OFFICIAL,Official WHO/UNICEF estimate,15826185.0,11907047,75.24
Countries,BGD,Bangladesh,2020,DTP3,Diphtheria-Tetanus-Pertussis 3rd Dose,OFFICIAL,Official WHO/UNICEF estimate,15535106.0,9344019,60.15
Countries,BGD,Bangladesh,2020,BCG,Bacillus Calmette-Guérin (Tuberculosis),OFFICIAL,Official WHO/UNICEF estimate,15427717.0,9841040,63.79
Countries,BGD,Bangladesh,2020,HEPB3,Hepatitis B 3rd Dose,OFFICIAL,Official WHO/UNICEF estimate,,11393175,70.47
Countries,BGD,Bangladesh,2020,POL3,Polio 3rd Dose,OFFICIAL,Official WHO/UNICEF estimate,15487479.0,10495730,67.77
Countries,BGD,Bangladesh,2020,ROTA,Rotavirus Last Dose,OFFICIAL,Official WHO/UNICEF estimate,15569424.0,10759842,69.11
Countries,BGD,Bangladesh,2020,IPV1,Inactivated Polio 1st Dose,OFFICIAL,Official WHO/UNICEF estimate,15523781.0,10333314,66.56
Countries,BGD,Bangladesh,2020,HPV,Human Papillomavirus Last Dose,OFFICIAL,Official WHO/UNICEF estimate,15919977.0,10341578,64.96
Countries,BGD,Bangladesh,2021,MCV1,Measles 1st Dose,ADMINISTRATIVE,Administrative reports from health facilities,15269020.0,11537665,75.56
Countries,BGD,Bangladesh,2021,MCV2,Measles 2nd Dose,ADMINISTRATIVE,Administrative reports from health facilities,15925297.0,9372383,58.85
Countries,BGD,Bangladesh,2021,DTP1,Diphtheria-Tetanus-Pertussis 1st Dose,ADMINISTRATIVE,Administrative reports from health facilities,15953334.0,11117337,69.69
Countries,BGD,Bangladesh,2021,DTP3,Diphtheria-Tetanus-Pertussis 3rd Dose,ADMINISTRATIVE,Administrative reports from health facilities,15720470.0,8736235,55.57
Countries,BGD,Bangladesh,2021,BCG,Bacillus Calmette-Guérin (Tuberculosis),ADMINISTRATIVE,Administrative reports from health facilities,15814879.0,12004653,75.91
Countries,BGD,Bangladesh,2021,HEPB3,Hepatitis B 3rd Dose,ADMINISTRATIVE,Administrative reports from health facilities,16176405.0,10735169,66.36
Countries,BGD,Bangladesh,2021,POL3,Polio 3rd Dose,ADMINISTRATIVE,Administrative reports from health facilities,15951809.0,11060603,69.34
Countries,BGD,Bangladesh,2021,ROTA,Rotavirus Last Dose,ADMINISTRATIVE,Administrative reports from health facilities,15894280.0,10991235,69.2%
Countries,BGD,Bangladesh,2021,IPV1,Inactivated Polio 1st Dose,ADMINISTRATIVE,Administrative reports from health facilities,16207591.0,11265173,69.51
Countries,BGD,Bangladesh,2021,HPV,Human Papillomavirus Last Dose,ADMINISTRATIVE,Administrative reports from health facilities,15245156.0,9458019,62.04
Countries,BGD,Bangladesh,2022,MCV1,Measles 1st Dose,OFFICIAL,Official WHO/UNICEF estimate,16058443.0,13310696,82.89
Countries,BGD,Bangladesh,2022,MCV2,Measles 2nd Dose,OFFICIAL,Official WHO/UNICEF estimate,15508504.0,11184098,72.12
Countries,BGD,Bangladesh,2022,DTP1,Diphtheria-Tetanus-Pertussis 1st Dose,OFFICIAL,Official WHO/UNICEF estimate,16467711.0,12864359,78.12
Countries,BGD,Bangladesh,2022,DTP3,Diphtheria-Tetanus-Pertussis 3rd Dose,OFFICIAL,Official WHO/UNICEF estimate,15492025.0,10256708,66.21
Countries,BGD,Bangladesh,2022,BCG,Bacillus Calmette-Guérin (Tuberculosis),OFFICIAL,Official WHO/UNICEF estimate,15703811.0,12741306,81.14
Countries,BGD,Bangladesh,2022,HEPB3,Hepatitis B 3rd Dose,OFFICIAL,Official WHO/UNICEF estimate,15703953.0,11964953,76.19
Countries,BGD,Bangladesh,2022,POL3,Polio 3rd Dose,OFFICIAL,Official WHO/UNICEF estimate,16165763.0,12687160,78.48
Countries,BGD,Bangladesh,2022,ROTA,Rotavirus Last Dose,OFFICIAL,Official WHO/UNICEF estimate,15874245.0,12070206,76.04
Countries,BGD,Bangladesh,2022,IPV1,Inactivated Polio 1st Dose,OFFICIAL,Official WHO/UNICEF estimate,16210066.0,12536249,77.34
Countries,BGD,Bangladesh,2022,HPV,Human Papillomavirus Last Dose,OFFICIAL,Official WHO/UNICEF estimate,15824180.0,10590081,66.92
Countries,BGD,Bangladesh,2023,MCV1,Measles 1st Dose,ADMINISTRATIVE,Administrative reports from health facilities,16044301.0,13329624,83.08
Countries,BGD,Bangladesh,2023,MCV2,Measles 2nd Dose,ADMINISTRATIVE,Administrative reports from health facilities,16253411.0,11033929,67.9%
Countries,BGD,Bangladesh,2023,DTP1,Diphtheria-Tetanus-Pertussis 1st Dose,ADMINISTRATIVE,Administrative reports from health facilities,16339902.0,12696996,77.71
Countries,BGD,Bangladesh,2023,DTP3,Diphtheria-Tetanus-Pertussis 3rd Dose,ADMINISTRATIVE,Administrative reports from health facilities,15563700.0,10509333,67.52
Countries,BGD,Bangladesh,2023,BCG,Bacillus Calmette-Guérin (Tuberculosis),ADMINISTRATIVE,Administrative reports from health facilities,15777132.0,12480963,79.11
Countries,BGD,Bangladesh,2023,HEPB3,Hepatitis B 3rd Dose,ADMINISTRATIVE,Administrative reports from health facilities,16067514.0,12242460,76.2%
Countries,BGD,Bangladesh,2023,POL3,Polio 3rd Dose,ADMINISTRATIVE,Administrative reports from health facilities,16711064.0,12268766,73.42
Countries,BGD,Bangladesh,2023,ROTA,Rotavirus Last Dose,ADMINISTRATIVE,Administrative reports from health facilities,16013552.0,12104723,75.59
Countries,BGD,Bangladesh,2023,IPV1,Inactivated Polio 1st Dose,ADMINISTRATIVE,Administrative reports from health facilities,16597925.0,12328059,74.27
Countries,BGD,Bangladesh,2023,HPV,Human Papillomavirus Last Dose,ADMINISTRATIVE,Administrative reports from health facilities,15911167.0,10132333,63.68
Countries,BGD,Bangladesh,2024,MCV1,Measles 1st Dose,OFFICIAL,Official WHO/UNICEF estimate,16287194.0,14377749,88.28
Countries,BGD,Bangladesh,2024,MCV2,Measles 2nd Dose,OFFICIAL,Official WHO/UNICEF estimate,16725548.0,11158252,66.71
Countries,BGD,Bangladesh,2024,DTP1,Diphtheria-Tetanus-Pertussis 1st Dose,OFFICIAL,Official WHO/UNICEF estimate,16283275.0,13635960,83.74
Countries,BGD,Bangladesh,2024,DTP3,Diphtheria-Tetanus-Pertussis 3rd Dose,OFFICIAL,Official WHO/UNICEF estimate,16102303.0,10508678,65.26
Countries,BGD,Bangladesh,2024,BCG,Bacillus Calmette-Guérin (Tuberculosis),OFFICIAL,Official WHO/UNICEF estimate,16352240.0,12543533,76.71
Countries,BGD,Bangladesh,2024,HEPB3,Hepatitis B 3rd Dose,OFFICIAL,Official WHO/UNICEF estimate,15950021.0,12881365,80.76
Countries,BGD,Bangladesh,2024,POL3,Polio 3rd Dose,OFFICIAL,Official WHO/UNICEF estimate,16166543.0,12338660,76.32
Countries,BGD,Bangladesh,2024,ROTA,Rotavirus Last Dose,OFFICIAL,Official WHO/UNICEF estimate,16511569.0,11809701,71.52
Countries,BGD,Bangladesh,2024,IPV1,Inactivated Polio 1st Dose,OFFICIAL,Official WHO/UNICEF estimate,16047491.0,11344897,70.7
Countries,BGD,Bangladesh,2024,HPV,Human Papillomavirus Last Dose,OFFICIAL,Official WHO/UNICEF estimate,16408343.0,12537015,76.41
